name,age,street,city,state,zip,lng,lat
Scott Moore,34,463 Hill Ford,North Kristin,Vermont,27849,-105.134736,-82.844702
Carol Ramirez,49,303 Lee Village Suite 316,Port Jenniferchester,Arkansas,90134,-77.130109,36.578759
Tamara Harrell,53,6905 Ivan Squares Suite 361,East Kimberlytown,Michigan,77807,70.773770,83.2115495
Carol Lambert,52,28264 April Mall,Leestad,Wisconsin,80994,18.679147,0.2469135
Lisa Tran,81,42677 Victoria Pike Suite 716,West James,Missouri,26909,-155.767458,54.8685565
Michael Crosby,41,03087 Marshall Freeway Apt. 065,East Kevin,West Virginia,16255,20.570093,20.6715345
Sarah Johnson,55,73874 Caleb Circle Apt. 973,Mcclaintown,Oregon,11179,-47.873646,67.538589
Amber Martinez,23,7404 Vazquez Loop,Gregoryfurt,Alaska,57030,-88.998875,64.5095805
Kenneth Yates,83,367 Walker Terrace Suite 960,Shepherdshire,Connecticut,07374,147.099662,-36.882863
Melody Kelly,58,378 Renee Road,New Timothyville,Virginia,31609,154.578381,-79.8037295
Elizabeth Pierce,74,626 Shannon Port Suite 763,North Sandramouth,Oregon,30627,64.343629,86.558607
Alan Rogers,83,88643 Porter Pine,Bowenville,Nebraska,40078,-36.948035,-39.1291645
Danielle Jefferson,67,686 Ann Canyon Apt. 639,Anthonyshire,Mississippi,33744,98.857276,-71.897971
Nancy Wells,61,315 Cunningham Trafficway Suite 711,Williamstad,Minnesota,84975,49.533552,-50.706602
Jeffrey Zuniga Jr.,38,88603 Andrea Walk,Port Todd,Virginia,42699,174.633341,-14.5269155
Jorge Salazar,61,205 Ford Knoll,Nguyenland,California,90266,-109.386836,81.4204245
Michele Lopez,42,604 Miller Run,Port Hannah,New York,69068,-2.954951,-88.7402205
Danielle Rodriguez,52,121 Calvin Trafficway,Coxberg,Delaware,86899,-102.546721,-71.054657
Jennifer Thomas,68,2254 Albert Trace,Dorseyfort,West Virginia,41839,-120.667340,7.7226055
Kimberly Hubbard,26,769 Michael Courts,West Michelle,North Dakota,01887,-49.724321,-75.679545
Veronica Mitchell,37,839 Kara Brooks,Briannaberg,Connecticut,90110,8.102213,36.8210005
Antonio Powers,43,964 Anderson Oval,Robinsonmouth,Massachusetts,59237,-55.331390,77.1813035
Taylor Torres,64,0268 Lori Meadows Apt. 345,East Mary,Idaho,57611,171.908435,-15.381306
Brandy Bradford,35,3460 Woods Neck,Garciafort,Utah,01314,58.335214,80.4679025
Janet Alvarez,40,0649 Cuevas Manors Suite 418,Hayeschester,West Virginia,36943,-87.657532,-55.912746
Nicole Nicholson,25,31405 Miguel Island Suite 863,Port Angela,Wyoming,70932,119.453961,65.066325
Jennifer Reeves,79,110 Davis Forge Suite 196,West Jenniferborough,Nebraska,83533,-153.968956,50.459898
Maureen Wilson,76,41673 Luis Falls,South Jefferymouth,Wisconsin,23592,-38.703587,-80.8761285
Pamela Guerra,21,40795 Robertson Ports,South Ryan,Mississippi,67199,-171.406930,35.736886
Nicholas Smith,43,083 Kim Via,Millerhaven,Pennsylvania,13961,-161.355089,-59.952893
James Harper,56,04196 Aimee Meadow,North Donald,Oklahoma,50517,158.728111,36.037687
Joseph Avery,38,3524 Moreno Route Apt. 127,West Ambermouth,Maine,68707,12.693754,-69.2696405
Jacob Anderson,31,936 Sullivan Squares Apt. 821,West Lindsayfort,Florida,38485,22.830423,-29.7314775
Robert Patel,19,741 Tami Park Apt. 376,South Matthew,Massachusetts,07083,-68.701962,82.167029
Elizabeth Wallace,22,3418 Bennett Plain Apt. 438,New Robertmouth,Iowa,06560,-138.047205,-56.8643955
Jordan Ryan,74,765 Choi Trail Suite 206,Conradborough,Delaware,24671,-49.891821,15.0801435
Kathy Lopez,18,57747 Jeffrey Station,West Charlesmouth,New Hampshire,84677,76.528072,-18.561584
Hayley Davis,55,7629 Brown Lane Suite 227,North Robert,Wyoming,23543,86.425826,71.879338
Mr. Gary Rodriguez,69,21383 Teresa Knolls,Joshuamouth,New York,80505,83.477874,85.0584835
Brian Mccarthy,44,01605 Jessica Highway Apt. 074,New Meghan,Arkansas,20428,5.973962,-76.710199
William Pratt,18,07694 Jimmy Way Apt. 782,New Erikside,Montana,67473,117.287966,-27.1422255
Natalie Rodriguez,81,667 Katherine Station Suite 281,East Timothyland,Virginia,90071,-179.370123,-62.345805
April Cohen,82,64500 Steven Estate,Montgomerymouth,Utah,25629,-131.774278,72.8700665
Melissa Jones,87,8225 Gonzalez Grove Apt. 845,Hendersonborough,Alabama,05699,-8.037894,75.4048775
Savannah Jones,73,6607 Rice Rapid Apt. 347,Prestonside,Texas,38153,-46.809596,-83.865062
Ryan Lopez,21,1879 Garner Orchard,Tylerville,Maryland,59957,158.252896,-49.334729
James Finley,66,277 James Fall,Burketown,Georgia,43255,-137.376547,69.4270145
Nathan Carlson,20,486 Cynthia Circle,West Rebeccaton,New York,52083,-120.844264,-15.474598
Angela Carter,31,32309 Michelle Light,Millerville,Colorado,75603,12.453470,81.0818225
Michael Rowe,29,9408 Manuel Walk,Port Richard,Hawaii,94420,10.527334,-70.1606885
David Marsh,51,34532 Olivia Underpass Suite 709,Marissahaven,Wyoming,42056,-67.213018,15.448621
Aaron Holmes,58,34619 Jorge Ridges Apt. 824,East Lisaton,North Carolina,05250,167.564870,3.7641005
Elizabeth Bradford,52,61211 Heidi Islands Apt. 796,Douglasview,West Virginia,84731,20.696461,-58.6885015
Amber Donovan,76,8335 Fleming Corner Apt. 303,Wendychester,Ohio,08572,23.977658,-51.847607
Judith Mccoy,61,91933 Eric Drive,Rachaelberg,Colorado,36130,95.720870,-87.8256245
Christopher Sosa,36,1926 Carr Mountain Suite 165,Christophermouth,Washington,10675,-172.431080,56.5270535
Carrie Mitchell,43,83679 Kara Burgs,South Julia,Arizona,59973,116.607177,-52.8003325
Anna Gonzalez,59,32077 Schneider Square Apt. 399,Jonesport,South Carolina,55055,-67.499699,18.135966
Daniel Jackson,18,81328 Tate Pines Apt. 091,Tinafort,Oregon,40469,73.636730,-80.3336385
Jordan Jones,72,04088 Rachel Plaza Suite 706,New Williamtown,Massachusetts,25974,104.251797,-21.1771625
William Morris,23,944 Michele Locks Suite 953,Port Margaret,Montana,63570,129.464474,19.8046455
Rachel Brooks,20,36010 Janice Grove,East Christianchester,Kentucky,49293,48.369942,-9.581551
Micheal Campbell,83,468 Antonio Fields,East Gary,Iowa,73448,-86.699705,16.7081495
Kimberly Peterson,24,9086 Charles Forest Apt. 967,South Michael,Florida,59650,-22.032014,-87.6180245
Dr. Dylan Glass,25,030 Graham Creek,Morganshire,Maryland,64459,-12.477204,-38.3659805
Michael Jones,58,6618 Russell Light,South Wayneshire,California,71962,-29.173007,44.473592
Julia Long,73,6232 Nolan Lights Suite 504,Emilyport,New Mexico,63049,96.970465,87.3651585
Marie Snow,36,57811 Rich Forest,North Kevin,Indiana,88636,21.585383,-40.4313205
David Adams,82,37434 Antonio Expressway,Julieshire,Wisconsin,21071,-35.342902,-34.3836135
Amber Price,82,061 Mario Crossing Apt. 296,East Thomas,Ohio,33638,-49.364252,-82.0092095
Mackenzie Jones,66,2149 Shane Way Apt. 833,Lake Kyle,Wyoming,03318,-169.660640,75.6264295
Crystal Gay,39,482 Hayden Course Apt. 302,South Gina,New Mexico,92895,31.208066,-88.676417
Charles Solis,84,6681 Patrick Shoal Apt. 949,Rogersstad,North Dakota,03624,151.805515,-33.4254465
Richard Wheeler,24,148 Scott Centers,Michaelfort,Texas,02834,65.318422,52.070892
Kevin Vargas,27,663 Erin Flats,Farleymouth,Oregon,16498,4.139721,-14.9703115
Mr. Tristan Hill,41,6269 Rhonda Burgs,Juliefurt,Maryland,74946,158.990497,-22.1620885
Brandi Raymond,63,181 Kevin Brook,Matashire,New Hampshire,01878,50.569706,21.662919
Tonya Pham,86,08907 Joe Burg,North Claudia,Alabama,53867,-96.568243,-89.7974205
Tina Bennett,36,724 Tracy Harbor,Thomasport,Connecticut,63691,28.804649,-66.3183645
Christine Cook,26,38175 Small Hollow Suite 648,Christophertown,Michigan,11951,80.374922,72.808350
Andrea Smith,20,744 Steele Grove,South Justin,Alaska,61054,164.837708,89.8397185
Benjamin Jones,79,067 Bennett Street,Hartmanberg,Alaska,25322,130.829590,71.101617
Marissa Singleton MD,81,141 Haley Wall,Lake Dennistown,New Jersey,57841,-46.075838,89.332236
Michael Smith,29,262 Walker Center,Lake Teresaton,Wyoming,60427,155.598108,-28.738621
Mary Washington,38,46215 Teresa Valleys,East Evanbury,Delaware,58336,30.521553,84.538005
Michael Bush,23,0709 Angela Isle,Gabrielafort,Rhode Island,53868,157.472399,30.923472
Jay Butler,78,995 Samantha Manors Suite 261,Port Brianborough,Arizona,09787,153.512274,79.2770895
Donald Lam,51,0409 Scott Alley,East Melody,Maryland,27449,-135.559746,-71.1915425
James Stevens,87,842 Perry Parks,Port Victoriaville,Kentucky,81508,158.955253,-34.823606
Brittany Nguyen,42,2792 Aaron Junction Apt. 964,Michellefurt,Maryland,78212,-166.787268,-2.085950
Gabriel Lawson,83,66916 Carlos Gateway Apt. 770,Port Davidchester,Virginia,84438,12.372881,-82.6330155
Gary Castro,45,9082 Miller Mall Apt. 916,Lake John,Minnesota,28098,152.281184,-26.3155705
Dawn Smith,47,4772 Parks Burgs,Mccoyview,Wisconsin,18501,-69.500921,-17.022646
Mark Rice,82,5065 Fowler Divide,Lambmouth,Ohio,56174,-27.518983,48.7743115
Renee Robbins,46,31552 Burke Rue Suite 767,Kathrynhaven,Michigan,52792,141.480743,-89.3036905
Adam Patrick,41,57992 Melissa Garden Apt. 674,Lake Tamarashire,Wisconsin,81073,-76.889417,57.631665
Jenna Brady,30,2942 Wall Locks,Lake Michaelside,Delaware,77251,35.163764,-53.678197
Tammy White,19,032 Dillon Center Suite 439,Loristad,Montana,10928,153.459042,62.153310
Jamie Mcmahon,57,36210 Dawn Ford Suite 145,Watsonside,Missouri,81256,-82.817482,-32.0714045
Shelby Meyers,60,58981 Gary Pike Suite 005,West Williamside,Maine,69758,-20.153580,-37.0903925
Robert Juarez,34,79951 Grant Circle,Chanshire,South Carolina,48229,-154.735656,-5.7745365
Kristy Figueroa,71,42687 Shelia Lake Suite 776,Espinozaview,Montana,33438,-34.301329,62.2266535
James Burch,82,95310 John Prairie,Herreraberg,South Dakota,34281,-89.023414,38.4766645
Jamie Martin,66,762 Regina Glen Suite 323,Port Anthonymouth,Georgia,84439,-122.132181,-64.4495145
Mia Graham,76,52451 Julia Corner,Kathrynshire,Nebraska,14449,-27.706389,52.8670735
Rachel Turner,76,1640 Hayes Port Apt. 467,Davisside,Louisiana,59016,146.018729,-1.6879375
Christopher Lawrence,87,650 Kenneth Squares,Savannahfort,Kansas,38270,-105.706252,2.6523075
Dawn Valenzuela,22,6578 Timothy Circles,Linfort,Tennessee,19841,-107.564525,51.029687
Belinda Alvarez,32,73292 Castillo Parkways Suite 798,New Heidiberg,South Carolina,91363,27.760204,33.388348
Lori Rogers,51,450 Todd Summit Suite 241,Dawnshire,Wyoming,08703,155.401641,17.304417
Shawn Hoover,21,61332 White Vista,South Pamelafort,Delaware,79589,-113.835029,67.9828435
Jorge Collier,85,166 Gerald Burg Apt. 934,Brownside,Hawaii,17097,-106.139747,-29.457003
Breanna Ramsey,66,77465 Mccoy Expressway Suite 617,Henryville,Pennsylvania,30428,-154.009073,-36.935364
James Villa,50,718 Hannah Crossing Suite 931,South Molly,Montana,79958,-82.825160,7.3189485
Casey Long,47,8389 Perez Grove,Phillipston,Delaware,38080,-76.549758,62.627410
Eric Acevedo,66,7520 Chambers Parkway,North Kirk,Vermont,18149,-1.333258,-31.0503545
Christopher Russell,45,872 Mary Rapids Apt. 653,New Maria,Connecticut,75219,157.307149,31.6606925
Brenda Smith,64,3296 Meghan Forge,Christinemouth,Rhode Island,35600,-130.125524,-68.8474965
Carolyn Williams,38,119 Foster Stream,West Wayne,South Dakota,56481,-44.988870,6.9997285
Cheryl Lawson,29,379 Murphy Coves Suite 287,Smithmouth,North Dakota,54496,-37.215532,-88.8105705
Jonathan Ford,64,776 Jennifer Tunnel Suite 733,Port Haroldchester,Nevada,87249,155.862566,-87.2965575
Matthew Allen,61,627 Martinez Plains Suite 750,Cindyshire,New Jersey,81107,4.794663,-13.5112435
Cristian Rocha,59,1380 Charles Station Suite 042,Youngburgh,California,79325,14.535673,-47.265915
Holly Murphy,55,03990 Davis Crossing Suite 432,Christinatown,Mississippi,66749,-146.721058,-73.952875
Barbara Fields,73,302 Williams Mountains,Lake Michael,Hawaii,67227,121.297932,55.956626
Lori Contreras,39,61212 Ashley Shore Apt. 249,New Jacquelinemouth,Utah,52108,-175.311463,-85.146569
Eric Strong,42,16804 Michael Village Apt. 550,North Briana,Maine,57573,161.664029,-69.1945115
Nicholas Davis,50,055 Simmons Mills Apt. 867,Leonardfort,Nevada,22307,162.188560,62.3852415
Jessica Wright,46,593 Wilkinson Neck Apt. 931,West Matthew,Iowa,67662,131.097496,-72.560973
William Washington,57,72286 Erin Extension Suite 422,Lake Danieltown,Tennessee,74863,99.820467,67.2074395
Daniel Montgomery,18,218 Martin Road,Austinborough,Missouri,87680,-9.050295,-33.8224895
Samuel Nguyen,22,197 Silva Meadows,New Wandaborough,Alaska,66105,43.446262,81.9038115
Brian Arellano,70,4233 Martinez Square,Paulview,Illinois,29511,164.080170,41.104659
Ryan Morgan,70,7107 Cody Run Apt. 032,North Donaldshire,Wisconsin,21919,136.342566,-86.4435165
Mr. Robert Stone,89,6573 Choi Plaza Suite 394,Castroville,West Virginia,84756,-76.161976,-29.435882
William Robinson,49,14947 Mason Lake,Scotthaven,Florida,63079,115.034648,62.954924
Jeffrey Hampton,37,11305 Myers Manors,Allisonhaven,Ohio,89181,-15.670867,19.558753
Linda Kim,36,0670 Roy Walk Suite 434,North Kelseyfurt,North Dakota,64381,100.963645,19.2207525
Tammy Mitchell,79,5705 Shaffer Squares,Port Sarachester,Montana,13069,98.618993,40.945298
Tyler Delacruz,21,592 Garrett Ways Apt. 652,South Jacob,New York,78180,-60.690943,40.3045175
Jason White,90,45309 Brandon Port,Port Laura,Hawaii,48260,-160.186781,66.7517905
Latoya Abbott,68,1994 John Point,Lake Jonathanville,South Dakota,19211,19.492944,84.450363
Julie Ray,77,6044 Anderson Flats,Port John,Wyoming,07617,111.508057,0.154450
Katherine Rowe,32,586 Christensen Dale Apt. 450,Christophershire,Minnesota,17013,49.617294,86.8088815
Travis Carr,64,04415 Walton Locks,Elizabethville,North Dakota,48355,95.780412,-57.6786675
Anne Moon,52,4251 Leslie Gardens Suite 579,Ashleymouth,Delaware,21062,-175.314240,42.128646
Heidi Mcdonald,63,8089 Rios Hills,Rebeccaport,Arkansas,96461,157.606113,68.645754
Erin Owens,61,458 Meyers Parks Suite 366,Henryberg,South Dakota,13408,-153.111972,16.898805
Jennifer Mcguire,64,354 Shaw Trail,Williamschester,Montana,99777,-105.950686,39.2075815
Doris Cunningham,75,0675 Katherine Greens Suite 023,Markland,Texas,96374,69.141255,24.2243955
Troy Chaney,66,54863 Eric Passage Apt. 435,Lake Rebeccashire,Virginia,55097,81.703131,50.7496325
Eric Duncan,29,5003 Steven Pines,South Annborough,Hawaii,55065,-61.311464,-55.007265
Erika Howe,55,11677 Jennifer Highway Suite 748,Pachecoberg,Connecticut,90427,-25.229765,-81.201743
Susan Rodriguez,37,5265 Anthony Inlet Suite 453,Lake Rebecca,Michigan,90442,-43.634804,-49.050129
Alexis Diaz,48,95192 Jimenez Place,Lake Eric,Virginia,73982,88.800467,75.317239
Donna Lowe,69,6426 Linda Ports Suite 790,Jasonville,Georgia,42844,89.577019,-6.525371
Joseph Fields,76,21465 Bush Bypass Apt. 835,Wilsonborough,Pennsylvania,44785,-101.980813,37.770629
Catherine Ellis,27,16321 Ray Estate,West Robin,Utah,40079,-24.267389,-49.4435155
Jennifer Walker,22,9789 Elizabeth Mountain,Port Andrea,Georgia,78260,106.092944,86.2552885
Theresa Mack,90,749 Maddox Mall,Josephborough,Washington,23456,-55.582614,-7.800329
Troy Malone,66,50608 Kathryn Crest,Andersonchester,New Jersey,14937,120.327729,-5.579962
Charles Serrano,70,7164 Matthew Parkways Suite 592,Port James,South Dakota,56844,-162.615023,-81.0369595
Susan Brown,32,8819 John Estates Apt. 804,New Williamfort,Utah,04278,102.087162,85.774784
Dana Spencer,62,381 Becker Loaf,Lake Cassandraland,Utah,13188,-14.081015,5.094909
Tyler Edwards,62,00926 Harris Isle Suite 119,West Hannah,Mississippi,35802,-152.743433,-89.3333055
Monica Conrad,76,834 Moore Lodge Suite 819,East Roberthaven,Oregon,32688,-3.128372,-73.1429375
Elizabeth Kirby,55,7183 White Court Suite 928,Travischester,Hawaii,31995,64.884369,78.682090
Catherine Turner,83,58408 Adam Skyway Suite 264,Melissamouth,New Hampshire,73065,-122.296662,62.8814665
Jessica Smith,84,483 Mary Fall Apt. 706,Port Robin,Alabama,03466,141.336053,-22.7556815
Angela Wilson,59,23196 Lewis Ford,South Anthonyside,Alaska,85604,-79.869877,62.8634255
Kara Freeman,29,7747 Diana Plains,Swansonville,Kentucky,40333,-29.157892,-62.979740
David Orozco,70,0356 Smith Branch Apt. 376,Davidtown,Iowa,57970,-45.706160,45.3882805
Jaclyn Rodriguez,55,16727 Alexander Throughway,Ortegaview,New York,63599,66.056049,-35.518910
Lindsay Hampton,31,741 Mary Plains,Georgeport,South Carolina,07555,3.954875,14.030021
Ricardo Johnson,58,53757 Johnson Parkway,West Morgantown,Minnesota,03031,88.159377,-60.201342
Jason Diaz,30,93215 Juan Views Suite 363,Timothyfort,Idaho,37827,-11.143919,82.2049465
Richard Young,86,44080 Andrew Parkways,North Jacobview,Arkansas,70867,70.830930,-76.469957
Katie Erickson,45,0991 Jim Station,East Josephfort,Nebraska,86194,0.173860,-58.1614605
Cassandra Crawford,46,4647 Hines Isle,East Zacharyton,Washington,02374,-37.084451,-87.2693165
Robert Harrington,37,8357 Duane Trafficway Suite 016,Johnton,Maryland,63349,154.167909,28.7326055
Shannon Vaughan,49,37386 Smith Rapid Apt. 620,Lake Brian,Virginia,83108,37.271454,80.9256845
Patricia Phillips,50,62294 Malone Common Apt. 906,Lake Megan,Maine,36005,-130.503956,49.765623
Tommy Nichols,34,10563 Campos Course,New Erikland,Georgia,68074,-174.751114,59.189437
Kathy Adams,46,196 Eric Track,West Karaville,Vermont,44716,33.852996,60.2131005
Austin Todd,60,1903 Christopher Mill Apt. 701,Glendamouth,Oklahoma,64716,138.586538,-53.693076
Jorge Mathews,52,68555 Mann Vista Apt. 388,Gardnerchester,New Mexico,36661,123.883691,-34.0351225
Aaron Ruiz,79,391 Kenneth Canyon,South Austinside,Utah,90104,-13.921839,0.999635
Douglas Turner,84,61290 Nicholas Cape,Faithville,North Dakota,10971,137.839334,-18.501365
Angel Burton,45,5041 White Wall,East Victor,Pennsylvania,03166,-68.121261,-12.8363815
Erin Dougherty,27,984 Timothy Knoll Apt. 863,Teresafort,Maine,91515,-127.865233,88.3750705
Christopher Randall,59,269 Moore Route Apt. 044,Lindaport,Ohio,04350,-96.129375,62.4631385
Howard Rose,47,6736 Danny Road,Port Natalie,New York,28559,162.372827,23.5215265
Taylor Pope,87,81175 Osborne Springs Apt. 541,Farmerland,West Virginia,59997,134.255086,-46.392703
Alexis Shaw,22,6654 Preston Bridge,East Mark,Arkansas,93394,-117.703538,-89.903124
Melissa Peterson,66,772 Campbell Gardens,Brendaberg,Kansas,41301,31.584745,18.857473
Tanya Lynn,74,00704 Cook Freeway Apt. 381,New Adamborough,New York,70943,40.778428,67.141013
Seth Miller,64,2172 Collins Drive,Lindsayborough,New Mexico,33605,28.926209,1.155772
Sydney Hull,21,944 Hayley Crescent Apt. 333,East Sarah,Wisconsin,35617,-1.556566,-1.770396
Anne Johnson,27,7136 Denise Haven,Port Donna,Hawaii,39003,-157.934485,-64.904853
Kevin Gonzalez,64,406 Smith Valleys Suite 092,Lewischester,Florida,60368,121.090125,32.165518
Nancy Pollard,72,467 Lori Alley,Garciafurt,Michigan,48576,33.536677,-87.5918745
Danny Kennedy,68,9688 Casey Unions Apt. 076,Davidland,Kentucky,41748,-127.342516,-10.9330275
Laurie Sanchez,60,93842 Calvin Motorway,South Jamie,Indiana,04455,-46.555349,-73.617975
Tammy Hodges MD,78,42362 Williams Roads Apt. 829,Port Mackenzie,Nebraska,78877,-27.222283,-72.5251655
Dawn Ingram,44,30164 Smith Garden Apt. 026,Port Jamestown,Oklahoma,27640,-131.202722,-3.6485115
Chloe Becker,61,61820 Keith Path Suite 039,Mistybury,Hawaii,04622,-53.529745,81.7222685
Marcia Martinez,18,69789 Rachael Pike Suite 033,North Michaelberg,Ohio,49908,-178.611271,-71.892647
Luis Davis,77,402 Stephen Terrace Apt. 865,Terriview,Illinois,98308,86.039026,38.830014
Amber Peck,22,05008 Osborne Valleys,Espinozafurt,Connecticut,88678,82.232701,75.6593025
Colton Ruiz,42,4475 Rice Radial Apt. 803,Brandonmouth,Nevada,03213,143.934962,58.771107
Tim Fischer,40,42886 Johnson Stream Suite 224,North Amy,Vermont,78763,79.515033,0.593804
Cynthia Becker,79,2524 James Extensions,Bartlettmouth,Nevada,23072,48.577577,56.4070395
Warren Jenkins,37,84590 Mark Extensions Suite 364,Robinshire,Connecticut,67746,55.867307,88.831574
Richard Greene,57,756 James Parks Apt. 309,New Daniel,Colorado,46460,-50.437369,64.0185905
Kenneth Gray,87,1107 Michael Key,East Sarahton,California,94654,-172.786053,-69.658971
William Edwards,33,64653 Justin Crossing Apt. 733,West Patrick,Rhode Island,85438,-132.879046,-63.0300925
Tyler Howard,72,7819 Stewart Estates Apt. 099,Jenniferberg,New Jersey,46831,41.832207,-59.4089665
Michael Smith,38,349 Phillips Dale,Lake Judith,Illinois,87700,90.167328,82.628275
Elizabeth Taylor,44,16923 Robinson Creek,Oneillstad,Wyoming,04462,-171.463227,45.245079
Nicholas Gonzalez,85,1358 Bryan Rue Suite 030,Englishfurt,Missouri,02004,109.778249,34.1288745
Donald Mueller,28,5871 Derrick Mews Suite 878,West Phillipfurt,West Virginia,10807,-68.724977,-12.026443
Luis Baker,39,935 Heather Manor Suite 604,East Aprilborough,Ohio,73526,-65.566258,6.676383
Alex Gay,25,30178 Sherman Roads Apt. 074,West Ericstad,Florida,03030,-171.799609,-75.4931695
Marcus Marquez,67,2400 Carla Street Apt. 052,Port Holly,Wisconsin,99105,151.280312,65.883571
Alexis Salazar,43,0753 Nicole Brook,Proctorberg,Massachusetts,75882,116.668657,-49.5425505
William Gordon,53,4732 Christine River Apt. 066,North Davidborough,Michigan,40067,84.919650,-38.5609455
Renee Walters,73,00704 Collins Rapids,New Natalieview,Alabama,32700,-129.982019,89.149786
Jennifer Rodriguez,75,737 Harris Loaf Apt. 208,Atkinston,Mississippi,59278,-3.797458,32.3815105
Adrian Boyd,37,741 Chambers Plaza Apt. 541,North Olivia,Hawaii,71769,173.573271,60.004750
Julia Torres,69,601 Torres Plaza,Alanmouth,Nevada,44614,143.429528,78.409567
Regina Frey,25,007 Paul Oval,North Cathy,Mississippi,89052,-29.819833,-60.6353185
Marvin Meyer,52,15984 Ellen Rue,Johnport,West Virginia,84681,118.185183,-81.833974
Sabrina Sanders,75,74979 Ronald Freeway Apt. 334,Lake Melissaburgh,Missouri,12301,-121.197682,-47.0799535
Jackie Johnson,86,32706 Victoria Mountains Suite 647,Summersshire,South Carolina,89222,21.865433,-82.858836
Grant Jordan,77,9902 Monica Curve,West Michael,Massachusetts,48626,137.335520,88.192715
Christie Copeland,24,5869 Trevino Union,Charlesbury,Vermont,09167,27.220873,65.9018195
Danielle Finley,78,461 Jackson Turnpike Suite 259,South Robert,Kansas,34132,106.843567,-81.087226
Bradley Jones,39,0452 James Parks,Kristinaton,New York,65981,154.409567,-15.7755725
Sarah Lee,30,81252 Jaime Flat Suite 553,Hallmouth,Nevada,63568,18.980516,11.5305785
Jennifer Gill,33,102 Kyle Parkways,Pennyview,North Carolina,61346,-167.640405,-32.0785685
Joshua Esparza,77,3330 Hunter Streets,East Corymouth,Texas,28624,147.959619,-40.3783595
Andrew Martin DDS,29,18749 Rose Plains Apt. 388,Salinasland,Texas,68227,-116.970503,-66.5849245
Brian Price,42,501 Anderson Heights Suite 770,West Erinmouth,Iowa,29471,30.831111,-74.7077005
Zachary Anderson,61,972 Robertson Forges Suite 864,Angelaville,Rhode Island,12025,-61.091298,-81.5233955
Krista Young,29,6177 Amy Tunnel Suite 557,Delgadoburgh,Iowa,69536,76.058590,38.9320245
Michael Jones,49,5646 David Run,South Michael,Colorado,89650,-20.817543,34.2213645
Sherri Wagner,88,5175 Austin Manor Apt. 429,South Virginia,Wisconsin,36980,29.217798,-69.1313105
Jill Rodriguez,36,24929 Warner Ferry Suite 649,Port Jonathan,Virginia,14866,-23.819749,-7.281335
Lisa Graham,37,646 Kayla Point,Tracyfurt,Maine,32919,-116.944066,10.390063
Jenny Rodriguez,18,33905 Crystal Trail Apt. 340,Patelburgh,Minnesota,10996,92.827995,-77.3241175
Melinda Thompson,72,780 Kayla Rapid Suite 041,North Christyville,Delaware,79521,-111.919055,41.057398
Tammie Landry,63,1732 Amanda Pines Suite 780,East Robertview,Idaho,07030,-90.001956,22.663120
Bobby Scott,36,0953 John Lock Suite 095,South James,Arkansas,87143,-92.723120,23.784530
Jeffrey Smith,19,9675 Anna Skyway Suite 169,Lake Jeffrey,Michigan,57271,-89.117838,86.131421
Gary Mcclain,69,466 Linda Gateway,Bridgetside,Nevada,18178,-33.500557,-46.7865065
Michael Lopez,72,244 Thomas Ridges,Geoffreyfurt,Rhode Island,36536,-26.126626,-28.8995745
Logan Davis,22,396 Cynthia Plain,New Melvinburgh,Hawaii,62856,84.410102,-38.531896
Teresa Johnson,26,31581 Deleon Avenue Suite 003,Evanston,Connecticut,41265,-111.771749,82.627934
Lauren Anderson,89,223 Rodriguez Island Apt. 940,Schultztown,Hawaii,18757,-92.083389,32.7892945
Charles Porter,83,46074 Nicole Parkways,Oneillshire,Tennessee,51871,-64.500036,-14.2572105
Daniel Glover,28,7842 Wright Streets,Zavalaview,Wisconsin,51396,138.320402,-11.2850315
Lindsey Anderson,53,2361 Bell Path Suite 763,Navarrochester,Illinois,91960,-84.440920,-1.424509
Cassandra Smith,83,16304 Hill Knolls Suite 195,Mcfarlandport,Kentucky,30773,130.565957,77.086194
Kelly White,33,445 Herrera Cape,East Cory,New Mexico,61020,69.280123,26.6187115
Shannon Burton,24,049 Barbara Cliff Suite 487,Port Brian,Maine,31556,-113.945048,45.946763
Michael Brennan,33,871 Joe Meadow Suite 806,New Albert,New Jersey,81827,-101.235830,-5.3046205
Kathleen James,50,5778 Ann Estate,Rosefurt,Delaware,65853,121.150114,24.4279395
Kimberly Garrett,42,87791 Jimenez Place,Vasquezfort,New Mexico,04982,126.566078,-37.4498575
Michael Clark,23,809 Brandon Court Apt. 688,Johnnyfurt,Vermont,53900,79.374882,35.460644
Dawn Chapman,49,02280 Stephanie Walk,East Kimberly,West Virginia,01375,-26.363202,-12.2759315
Amanda Mason,72,8278 Timothy Ford,Zacharytown,Illinois,64720,124.671979,58.1288205
Kelly Wood,35,0575 John Club,Dianebury,New Mexico,17940,-16.029775,85.194970
Sharon Martin,78,463 Allen Expressway Apt. 193,Port Lauraport,Virginia,44914,-73.310334,-4.4931535
Sara Cooper,69,1172 Troy Lane Apt. 578,East Christinaburgh,Oklahoma,81149,42.904836,18.038057
Thomas Nguyen,58,7324 Guerra Square,West Jameston,Texas,63987,-111.948671,-22.8535185
Chad Curtis,48,29214 Gilbert Union,West Marisamouth,Virginia,46781,63.749191,-26.025193
Meredith Reynolds,52,869 Hannah Loaf,Youngborough,South Dakota,38179,156.023544,-9.5757655
Alicia Crosby,47,1649 Lisa Fords,Brookston,Georgia,80709,-100.505732,-10.5028915
Paul Walsh,79,32374 Allen Roads Suite 064,Chamberschester,Montana,95432,-95.474176,-70.6522495
Monique Farrell,86,745 Nicholas Walk Suite 595,West Barry,Alabama,06159,-171.954388,-40.056803
Brian Bishop,43,8261 Bender Pines Apt. 151,Patrickburgh,Kentucky,72053,88.470844,85.5706425
Julie Fritz,62,51730 Dustin Cape Apt. 933,Lake Stacy,Virginia,83269,151.326412,9.118202
Amy Chan,65,9258 Heather Pike,New Molly,North Dakota,62503,44.527332,-12.1499635
Mr. James Williams PhD,33,5816 Henderson Mews Suite 030,East Isaiah,California,30465,-99.533448,-25.477043
Michelle Aguilar,55,961 Cassandra Light,South Michael,Idaho,87521,9.774323,68.961390
David Clements,76,23214 Jennifer Shoals Apt. 013,West Michael,Illinois,00973,85.261377,44.784397
Jose Moore,20,2723 Courtney Park,Ronaldfurt,Wisconsin,06897,-112.854868,79.1465895
Allison Schultz,83,125 Bass Fields Suite 289,Brandontown,North Carolina,79160,-84.808484,-16.3326675
Kathleen Johnson,65,0063 Bailey Mall Suite 292,Port Sherryport,New Mexico,59176,78.343666,28.822927
Joshua Martin,51,054 Lyons Pines,South Corey,Indiana,09057,-141.892034,64.4057085
Lisa Reese,68,940 Brooke Mountain,East Teresa,Iowa,22183,-85.525899,40.3023835
Kevin Farmer,50,300 William Mount,Cesarfurt,Delaware,27468,59.295642,-24.344836
Kaitlyn Baldwin,73,795 Frederick Street,Ricardotown,New York,79681,72.437104,-1.206558
Joshua Curtis,58,79867 Bauer Spurs Suite 489,New Christopherland,Hawaii,76379,100.557595,65.4241095
Patricia Stevens,42,51469 Short Fall,Nguyenport,Utah,78885,156.561520,-34.582608
Tamara Noble,83,739 Bauer Alley,Leslieview,New Hampshire,52328,50.076536,6.6650555
Jonathan Hull,43,2273 Patricia Orchard,Joshualand,Nebraska,82996,-104.280410,49.5711965
Jeffrey Thompson,47,541 Wilson Junctions,Port Benjamin,Connecticut,94510,118.373440,41.1967095
Lindsey Campbell,82,24305 Lane Brook Suite 361,East Chelseyland,Ohio,32627,-48.064405,19.496245
Lisa May,18,97076 Brittany Land Suite 809,East Juliaville,Indiana,85660,95.106430,-69.2775065
Joshua Cox,27,33977 Nathan Ferry Apt. 202,Donaldview,Ohio,88325,-162.913745,46.872791
Lisa Wright,80,1987 Bradshaw Dam Suite 232,Feliciaside,Missouri,75783,-48.436394,-17.7026365
Leah Smith,41,03695 Walters Ranch,Port Karen,Georgia,52611,13.861469,45.655063
Ronald Pena,69,72206 Margaret Mill,East Joshua,Arizona,03955,133.121517,7.1056475
Dale Thomas,39,40625 Christina Circle Suite 822,South Jasmineland,Michigan,15356,81.942307,-2.618827
Henry Baker,76,72147 Alexis River Apt. 604,West Kristenmouth,Oklahoma,18517,-32.301447,67.944848
Nicole Snyder,82,73854 Ashley Lakes Apt. 834,Wellston,Oregon,21072,168.490367,69.2209115
Joshua Hurst,41,22321 Graves Common,North Juliebury,Georgia,33197,-29.797461,-7.669424
Brandi Elliott,59,3821 Justin Court,Laneport,Massachusetts,87315,42.722344,-30.114807
Shannon Huang,33,2836 Cox Isle,Michelleport,Nevada,57147,122.804934,-87.4402815
Melissa Harris,25,894 Mckinney Pass Suite 399,Cynthiachester,North Carolina,58886,93.753081,27.5720315
Marcia Mendoza,84,124 Christopher Field,West Christopherview,Arizona,49065,11.282231,49.714388
John Kelley,44,1035 Anderson Trace Apt. 365,Cruzshire,Kentucky,14041,-53.917149,73.008708
Amy Hicks,86,509 Mills Ports Suite 471,North Joel,Michigan,04249,-72.176424,42.9481355
Erin Rodriguez,24,83212 Aaron Locks,Hayesview,Nebraska,06169,-121.390476,16.2826405
Clinton Wilkerson,33,416 David Ferry,New Sean,New Hampshire,45051,130.319354,-63.672743
Douglas Hicks,40,4520 Jeffrey Field,Port Michelleborough,Idaho,80481,-43.950898,51.437818
Jonathan Mejia,32,80567 Watts Prairie Suite 457,Lake Scott,Michigan,34748,-86.167975,70.761830
Laurie Evans,48,87837 Barnett Drive Suite 816,North Bethside,Nebraska,22766,152.797299,71.108712
Kristen Bates,30,792 Mcconnell Pines,Austinberg,Maine,31852,-67.127477,59.291956
Gregory Simpson,22,4272 Erin Loaf,Riveraborough,New Hampshire,66909,140.454239,89.811754
Justin Moreno,65,198 Meyers Street,Port Kevin,California,89173,-60.384030,56.9474275
Kathleen Kemp,82,30266 Debra Land Apt. 973,New Kelly,Kentucky,46470,-152.656195,60.055896
Elizabeth Fernandez,65,12014 David Garden,Fitzpatrickhaven,Alaska,28390,159.106464,8.458008
Randy Castro,26,7893 Chad Springs Suite 185,West Matthewshire,Iowa,45746,-136.262702,17.6643385
Alvin Lopez,66,579 Wilson Turnpike Apt. 156,Greerville,Virginia,57784,147.313217,-37.8290775
Derrick Hines,45,4338 Elaine Road Suite 301,Bellfort,Kentucky,51206,143.933958,-58.748662
Allison Wells,40,2717 Edwards Creek Suite 004,Dianeside,Missouri,46183,-87.326993,-43.972339
Michael Fox,24,725 Brown Groves Apt. 810,Weissport,Idaho,53951,7.846116,43.333879
Erin Simpson,46,227 Mack Roads Apt. 739,East Glenn,New Hampshire,50498,98.150266,32.027800
Alyssa Blanchard,24,87738 Potter Valleys,East Eric,Rhode Island,86297,71.440290,35.9926045
Kara Stanley,76,035 Sharp Crest,Hillhaven,Colorado,57329,-3.804305,-49.2280425
Dr. Joyce Austin,53,204 Zachary Burg,New Timothy,Michigan,43959,15.086947,12.484969
Sherry Robinson,33,84805 Johnson Ford,North Timothyhaven,Kansas,09181,104.994975,-58.1209305
Vanessa Castro,18,282 Robin Island Suite 693,Chadmouth,Washington,91217,-179.102674,-67.2907105
Miss Allison Forbes,37,19399 Moore Club,North Paulshire,New Mexico,89759,120.616514,11.9985945
Penny Lawrence,89,050 Marks Springs Suite 047,Smithside,Oregon,32455,-64.587825,59.035269
Pamela Peters,89,06712 Matthew Squares Suite 460,South Stephanie,New York,06677,-128.088228,65.261501
Ashley Cox MD,86,44082 Wright Locks Suite 287,South Michele,Georgia,60815,89.204060,-80.063596
Stephanie Rodriguez,65,71485 April Junction Apt. 082,East Patrickville,Florida,66746,-46.806619,52.919236
Jacqueline Miller,79,644 Billy Inlet,Lake Henryview,New York,31955,123.284909,73.793243
Andrea Wilson,88,539 Roberts Row,Parkview,Missouri,69490,84.698164,-8.6482545
Crystal Brown,55,1682 Matthew Village,South Davidfurt,New York,94071,-61.489790,-67.2965925
Jason Blevins,56,93215 Richard Cape,Lake Sarafort,West Virginia,09751,-32.039143,-15.1598645
Robert Schwartz,75,030 Davis Greens Apt. 121,Williammouth,Rhode Island,29636,27.456622,-70.151322
David Guzman,43,88696 Donald Mills Apt. 306,Lake William,Pennsylvania,19300,122.630955,75.9372445
David Flores,22,62553 Bonnie Rapid Suite 634,South Benjamin,Nebraska,18197,-73.018332,80.1359475
Jessica Wallace,20,2977 James Well Suite 304,Port Deanna,Nevada,53124,99.463071,74.825185
Jody Ramos,29,51579 Amber Mall Apt. 341,Michaeltown,Georgia,09990,101.152204,16.8116375
Alexis Becker,30,038 Eric Flats,West Bethanyborough,Connecticut,84644,147.617103,13.4843245
Ryan Smith,27,558 Pacheco Ferry,New Michelle,California,90930,-13.990077,65.416488
Ashley Morgan,62,77757 Smith Tunnel,Andrewton,Kansas,14923,116.728862,61.8055105
Misty Shaffer,20,1421 White Pike Apt. 236,Roseshire,Idaho,83120,134.025237,-59.4091485
Jacob Torres,40,0711 David Ville,New Breannaville,Delaware,71252,171.813665,66.4947715
Joshua Ortiz,40,456 Hicks Port,West Andrewmouth,Virginia,24911,173.476447,-1.7205645
Bradley Chapman,73,9481 Taylor Brooks Apt. 449,Pierceland,North Dakota,69845,-20.754928,40.896365
Jennifer Cooper,29,70735 Robinson Heights Suite 806,Haydenton,Vermont,94121,160.892936,-24.5341885
Kimberly Lee,75,0106 William Station,South Elizabeth,Florida,22660,-66.842746,47.7239245
Troy Hunt,77,3771 Lauren Estates,Port Angelashire,Kentucky,72575,-67.420749,-8.495022
Michael Palmer,35,1516 Amy Prairie,Alicebury,Massachusetts,44641,21.841373,21.467796
Jordan Bentley,89,3444 Perry Roads,Dawnbury,Arkansas,72156,-172.782444,63.9415225
Craig Nguyen,69,199 Courtney Pines,New Kathleen,Maryland,56878,-81.650220,57.319611
Nathan Moore,68,99514 Webb Meadows Apt. 824,Lake Melissa,Michigan,81514,107.611539,-36.2594035
Michelle Ellison,19,3823 Mitchell Cape,Clarkbury,Pennsylvania,14366,-33.993056,65.595747
Reginald Lee,23,174 Richardson Summit,Harrismouth,South Dakota,08372,6.948420,-2.106950
Timothy Palmer,90,946 Edwin Inlet,Erichaven,Hawaii,29871,150.753860,7.3720535
Tiffany Olson DDS,60,27209 Schneider Branch Apt. 247,Oliverhaven,Tennessee,15202,-52.468189,34.051039
Lindsay Baker,39,219 Avery Island Suite 999,Luismouth,Oklahoma,46098,20.037054,17.4821935
Cole Wilson,19,43299 Greene Spring Apt. 127,East Kyle,Kansas,88453,26.182194,-73.895287
Kimberly Rose,88,3524 Hanna Dam,Garnerland,Maryland,42893,121.903019,-78.7106955
Cindy Miles,25,09011 Duke Glens Apt. 646,Leblancview,New York,81945,-121.373341,-74.372392
Brian Mathis,31,0626 Linda Lane Suite 238,Williamsview,Indiana,24773,1.761035,13.8489335
Elizabeth Long,38,38554 Martinez Springs Suite 036,West Danielberg,Idaho,47133,0.651704,7.002844
Jeffrey Tucker,64,9966 April Avenue Apt. 705,South Corey,Hawaii,21398,-40.422387,-78.1619885
Carolyn Ingram,49,568 Richard Lodge,West Michaelstad,Alabama,61838,178.598583,-76.914003
Joseph Beltran,67,60197 Bray Route,Kevinburgh,South Dakota,66652,-60.187038,2.0110655
Matthew Higgins,24,7220 Everett Brooks,West Danielleport,Maine,47412,-84.985306,-84.139864
Denise Donovan,60,99704 Benson Spring Suite 909,New Davidfort,Illinois,26878,-31.657177,-29.7334205
Patricia Wall,21,58613 Erin Cape,Andrewmouth,Georgia,79867,27.221818,36.412133
Aaron Odom,27,9449 Emily Meadow,Port Kathryn,Utah,56857,26.682590,69.825561
Alan Nunez,50,24406 Roberts Vista,Williamburgh,Ohio,29919,160.249386,62.6309255
Carrie Graham,71,2378 Hull Forge,Kathychester,Nebraska,80930,128.496376,-5.2962305
Matthew Harris,47,330 Rachel Via,Ryanfurt,Hawaii,88001,-121.439589,-16.739283
Barbara Bishop,35,199 Emily Mount,East Jacob,Utah,75525,165.764146,-19.7083215
Roy Kelly,78,92202 Marshall Harbors Apt. 672,South Amy,North Dakota,76403,-48.212735,-84.2733645
Micheal Davis,81,092 Spears Lodge,Port Stephanie,California,33118,174.995333,-41.4103185
Daniel Mcbride,62,938 Martha Mount Apt. 504,Johnville,Oregon,53995,107.460637,21.1501165
Benjamin Mcdaniel,82,2679 Massey View Apt. 058,New Michaelview,Indiana,40260,-72.740592,-56.321727
Sara Austin,29,4089 Perry Streets,West Jacquelinetown,Oklahoma,64208,146.449570,-53.1180385
Stephen Evans,63,7706 David Stream,East Dale,Delaware,01353,-131.986701,-87.0963935
Benjamin Valencia,78,68457 Todd Mountains,New Jenniferborough,Maine,65895,-138.929859,-25.8747265
Thomas Hanson,73,7163 Robinson Cliff Suite 209,West Nicholasmouth,Minnesota,93740,-119.880287,4.9654985
Christopher Goodman,53,673 Brett Rapids Apt. 499,West Troymouth,New Jersey,74909,38.524070,-26.3646235
John Miller,56,71141 Richard Falls,Austinhaven,Tennessee,23689,167.187391,-77.735324
Ashley Chavez,61,98515 Wolfe Union Apt. 817,East Stephenfort,North Dakota,23948,43.121793,77.5630475
Teresa Maxwell,34,267 Tucker Haven Apt. 190,New Jason,North Dakota,22987,97.598177,-13.1198925
Ernest Johnson,82,74782 Lisa Views,Jayport,New Hampshire,39002,59.711708,-81.4987445
James Hampton,20,485 Martin Highway Apt. 178,Derekfort,Minnesota,51677,-145.067741,-42.416626
Kimberly Burke,71,119 Rodney Greens Suite 722,Lake Hayley,Colorado,61981,75.650521,32.6310145
Kevin Reed,86,15192 Carter Estate Suite 664,New Garyhaven,Kansas,79975,106.996258,-79.404856
Allison Vasquez,66,6368 Morris Meadows Apt. 545,Port Scott,Iowa,27628,-155.418228,-41.570178
Preston Harris,33,13834 Roman Fords,Derekside,Vermont,33680,-105.318064,45.747720
Debbie Hernandez,56,09587 Smith Drive Apt. 772,Danielchester,North Carolina,78435,-125.135044,-76.009805
Laurie Oliver,50,1864 Sean Common Suite 312,New Carlosbury,Maine,36797,-160.929083,29.4010945
Connor Charles,81,976 Johnson Mill,Lake Traci,Delaware,07888,26.887171,80.0038835
Gabrielle Tucker,30,4619 Joseph Canyon,Donaldtown,Utah,12222,41.692825,24.7523195
Joseph Martin,52,687 Clark Freeway,West Ryan,Florida,55037,68.936584,-31.2871795
Christopher Guerrero,43,385 Jon Island Apt. 525,Johnsonfurt,Connecticut,08960,19.964749,-28.646666
Jennifer Smith,74,69015 Ryan Rue Apt. 723,Sullivanchester,Vermont,71157,35.633192,-57.966505
Carol Parsons,42,63563 Joel Port,Port Destiny,New Mexico,01554,101.927866,-48.4185255
Mr. Thomas Martinez,20,69453 Hunter Meadow,Annport,Colorado,65270,126.755470,-54.487853
John Villegas,83,648 Franklin Locks Apt. 046,New Matthewshire,West Virginia,71264,-65.852523,-32.377113
Mary Johnson,34,3107 Sandra Villages,Tylermouth,Michigan,69241,-139.827299,-63.1556285
Jessica Sanchez,57,53594 Kristen Landing Apt. 541,Danaton,Kentucky,95962,-103.601222,-50.9607915
Patricia Hansen,74,24682 Bianca Glen,New Meganchester,Oregon,93281,-47.407669,-70.3802465
Brian Johnson,86,80525 Fischer Villages,Whitneyhaven,Virginia,57340,50.129711,-7.988092
Leonard Sanchez,33,7344 Byrd Isle,Bakertown,Maryland,50705,111.940715,28.748938
Michael Bentley,50,00200 Claire Court Suite 227,South Brittany,Connecticut,21151,-91.689652,47.640101
Tara Johnson,64,591 Macias Plains,Gibsonburgh,Maryland,86367,111.163107,13.0118115
Jennifer Herman,23,1063 Christina Plains,South Kristine,Nebraska,65489,-137.394639,5.9953165
Nicole Wallace,85,5943 Allison Mountain,Port Lorihaven,Arkansas,49453,92.512241,-33.9379185
Nicholas Barrett,68,16497 Andrea Mount,West Margaret,Tennessee,53804,21.835538,-68.782173
Nathaniel Rios,89,04073 Roberts Mission,Boyertown,Alabama,91472,147.336235,88.4593895
Olivia Smith,71,292 Frank Circles Suite 626,New Scottton,Montana,25773,-89.422455,-6.270923
Zachary Mckinney,21,040 Shah Ridge,Brucehaven,Oregon,33611,41.171475,-69.671960
Charles Downs,46,85923 Michelle Plaza Suite 689,Stewartbury,Indiana,42404,-8.055904,-42.9852865
Laura Rush,82,80644 Holland Views,North Zacharyland,Rhode Island,62267,61.466095,30.1768335
Kayla Dunn,78,2262 Bradley Trace Apt. 729,Peterport,Indiana,35806,146.816018,7.555623
Melissa Collins,82,05666 Brandt Spurs Apt. 758,Lake Mitchell,Colorado,94443,-131.138523,65.055569
Dana Rodriguez,31,164 Michael Ports Suite 140,East Julieshire,Michigan,87803,123.666198,-10.6779595
Dr. Jason Barnes,30,136 Byrd Inlet,Justinfort,New Hampshire,13662,81.424037,-43.457266
Elizabeth Lopez,56,99199 Nicole Port Apt. 350,North Stevenberg,Nebraska,25189,-102.654293,19.667094
Justin Thompson,63,54715 Nelson Street,West Danaside,Indiana,22625,143.251477,24.337212
Paul Thompson,53,81403 Brown Mews,Devinview,Rhode Island,52856,-21.786276,74.5967795
James Schmidt,69,4393 Poole Forges,South Timothyborough,Montana,77114,44.260509,72.6428585
Jordan Olson,33,15559 Carlos Lodge Apt. 765,South Joshuamouth,Alaska,68482,-147.099392,-15.0185355
Shirley Webster,57,350 Baker Summit Suite 843,West Edwardbury,Indiana,83795,31.591051,28.3183645
Faith Doyle,52,018 Bowers Flats,North Angela,Virginia,67058,20.487852,58.4597875
Marcus Chambers,40,8838 Frey Land Apt. 113,Mahoneyshire,Florida,95774,82.695448,44.2704595
Shannon Young,19,2139 James Mission Suite 364,East Angela,Connecticut,43650,172.564613,-34.5450215
Heather Benton,43,36065 Joshua Forks,West Scott,Alaska,65129,144.519123,-83.713056
Deanna Ortiz,63,9677 Schwartz Streets,Beverlymouth,New York,84695,-127.532787,-79.025183
Brittany Wagner,33,40762 Michael Stravenue Suite 222,Edwinmouth,Colorado,57950,-176.798682,-9.8135685
Paul Lee,37,18733 Singh Avenue Apt. 637,Lake Alexanderview,Rhode Island,84775,-62.738440,-82.322990
Jennifer Roberts,72,32587 Becker Inlet,Lake Michael,North Dakota,11261,82.596949,9.7472425
Clifford White,40,6848 Baker Landing,Arthurhaven,Tennessee,56227,145.537208,73.337619
Rebecca Russell,43,1454 Kelly Port Suite 720,Lake Richardport,West Virginia,57561,67.451751,-58.9593085
Michael Taylor,63,6969 Watson Freeway Apt. 413,North Johnnystad,California,51589,117.952279,-26.907001
Melinda Garcia,39,374 Bowman Manor,Bellland,Missouri,74488,107.817031,-55.8805815
Tamara Moore,85,3870 Ashley Alley,Lake Tiffany,Washington,26403,-57.247557,-22.4549555
Johnathan Bowers,23,4844 Stanton Gardens Suite 601,Floresmouth,Tennessee,36151,-4.659696,2.2523155
Amber Stewart,38,773 Mario Brooks,North Gregorybury,South Dakota,61509,153.713177,1.6321635
Jeremy Lee,71,20524 Vincent Club Apt. 356,West Adriennetown,Rhode Island,01148,-23.792112,-53.9941675
Mrs. Melody Avila,35,35385 Tanner Burgs Apt. 890,Mooreton,Minnesota,84532,1.378844,57.949516
Kari Carrillo,60,613 Sean Fork Suite 519,Richardshire,New Jersey,38423,131.739410,52.023219
Cassandra Garcia,58,6486 Perez Harbors,Port Jonville,Illinois,31860,-110.745907,22.7253955
Jeffrey Sanders,67,342 Mackenzie Field,Amyshire,Georgia,22533,-159.438858,0.072513
Taylor Hill,88,5952 Courtney Camp,Lake Vickieborough,Indiana,03770,-106.318931,64.279525
Ashley Barnes,66,13399 Moss Drive,West Tammyberg,Arkansas,71075,77.880098,28.754495
Linda Perry,53,3826 Zachary Stream,Emilytown,Kentucky,20996,116.185131,75.516190
Heidi Jones,53,3450 Richard Courts,East Kyleshire,Delaware,22611,37.496697,34.3555675
Eric Evans,68,247 Calvin Common Suite 739,West Amy,North Carolina,79489,86.149292,-41.6539205
Kevin Vasquez,26,8683 Soto Via,Garciashire,Ohio,07570,116.954233,-81.2297935
Kathy Chandler,66,70020 Andrew Plains Suite 851,Clarkmouth,Arizona,04200,-140.113014,-75.125147
Brittany Allen,24,17483 David Manor Suite 192,Monicaberg,Pennsylvania,38064,56.042953,70.568084
Samantha Ingram,28,173 Dustin Fields,Diazview,Pennsylvania,88357,-2.641782,58.2016755
Christopher Juarez,88,240 Robert Isle Apt. 567,Johnsonfurt,Arkansas,35064,55.368623,41.813096
Dr. Sandra Davis,64,548 Mary Dale Suite 184,South James,Washington,24357,170.586548,-39.5732945
Sylvia Bailey,69,6594 Megan Vista Apt. 756,Lopezchester,Michigan,81448,124.591862,-70.959290
Ryan Colon,28,3945 Elliott Forks Suite 163,South Ashley,Mississippi,86062,-74.041092,-83.513026
Kimberly Rivas,45,7414 Wilson Knolls Apt. 947,Erichaven,Indiana,63127,-127.762093,22.690296
Shannon Clark,85,61267 Parks Highway Suite 384,Kingport,Kentucky,53582,95.440863,-30.2965845
Lisa Hughes,41,1500 Randall Stream,Erikahaven,Delaware,29626,-113.257321,-87.476769
Bobby Blackburn MD,56,25425 Hester Crest,New Cody,Virginia,43404,-124.042856,47.413821
Nancy Simmons,51,43096 Penny Track Suite 974,New Henryfort,Massachusetts,65049,148.640436,-21.904559
Steven Ortiz,21,63309 Garner Ramp,Carlamouth,Wyoming,68383,-30.388107,44.561526
Carla Wood,70,12981 Michelle Fort Apt. 389,Port Melissabury,Arizona,78496,22.748932,-53.1110315
Javier Miller,32,246 Stephen Street Suite 970,Castrostad,Pennsylvania,17324,-15.152729,71.6336565
Grace Mcbride,71,7196 Jerry Cove,Martinezview,Arkansas,32533,-40.494924,-33.386208
Mary Choi,21,566 Soto Mews,Jamesborough,South Dakota,80233,107.965317,42.698612
David Gomez,84,3127 Booker Overpass,Lake David,Virginia,17942,73.966983,-74.7697915
Zachary Perkins,19,26810 Mary Run,New Kathrynview,Georgia,06941,-168.509419,-27.3910945
Courtney Fisher,27,776 Fitzpatrick Radial Suite 740,Bakermouth,Michigan,53135,165.736560,68.6694235
Ronald Haley,80,0154 Solomon Plaza Suite 152,Jonesmouth,New York,68161,99.766576,76.816407
Michele Stewart,31,342 James Forge,North Benjamin,Vermont,91520,-33.169188,85.3892445
Janice Cooper,84,9271 Wright Falls Suite 644,Randyton,Alabama,67513,-147.818193,40.4718105
Abigail Wilkinson,82,8238 Brittany Square,South Stacy,Connecticut,33941,135.355377,-14.1684405
Eric Taylor,68,952 Anderson Ville Apt. 890,Scottfurt,Ohio,87659,48.473371,-64.332770
Richard Cain,42,9625 Gary Throughway,East Michellechester,Louisiana,57913,-89.244559,48.059561
Curtis Perry,77,113 Wood Extensions,South Jamesside,Utah,64011,-152.286214,26.9140975
Kathy Rodriguez,87,57392 Melton Turnpike,East Richardfurt,Ohio,25537,38.136202,72.7395425
Melissa Jones,81,056 Leslie Oval,Jilltown,Maine,68342,26.200841,-26.9430545
Jason Holmes,58,143 Ruth Park Apt. 448,Karenland,Massachusetts,38769,7.310114,28.6377605
Devin Davis,27,15571 Danielle Squares Suite 600,East Williamberg,New Mexico,14794,5.493234,46.834043
Calvin Patterson,61,21534 Melendez Harbors,Charlesport,Arkansas,39976,-12.931197,-57.9109375
Leslie Whitehead,35,34562 Amanda Ways,North Donna,Iowa,40488,18.167656,36.542066
Michael Anderson,36,97037 Torres Orchard,South Grantburgh,Maine,52751,102.578127,26.531573
Christina Dawson,76,720 Carol Inlet Suite 936,Kellystad,Oklahoma,19777,-128.796125,79.399210
James Ramos,56,2862 Evans Canyon Apt. 325,Lake Philip,South Carolina,43185,-112.239108,-48.8284845
Susan Wilson,82,3350 Mathew Hills Suite 345,North Josephfurt,Mississippi,03153,-106.141822,83.046620
Emma Powell,35,83433 Miller Isle Suite 397,Michaelstad,Louisiana,09436,17.623535,-39.509318
Sylvia Foster,41,0051 Cynthia Plaza Suite 636,Turnerburgh,Arizona,64091,36.116509,-31.7049405
Sarah Mathews,30,210 Wu Wall,Mauricebury,New Mexico,12716,-84.291973,-24.8330315
Thomas Todd,39,42682 Perez Key Suite 379,Cynthiaview,Georgia,16102,49.139952,65.224913
Colleen Patel,26,730 Holder Isle,Dianeport,Missouri,53068,-76.568868,87.4809815
Jessica Dean,46,115 Troy Orchard Apt. 764,Aguilarton,Minnesota,59165,-70.568104,-87.167284
Robert Long,83,4690 Joshua Islands Suite 852,Oliverbury,North Carolina,31361,162.703782,-23.934789
Thomas Tapia DDS,30,497 Karla Flats Suite 953,Stephensshire,South Carolina,32278,-142.142330,12.3592195
Michelle Le,77,2428 Sloan Walks,Christinaburgh,Washington,99873,-64.036355,-18.7672655
Jennifer Fisher,89,83519 Justin Terrace,South Gloria,Utah,92244,-4.987878,38.7700815
Kristi Larson,40,53548 Rodriguez Overpass,Richardview,Kentucky,14021,11.767307,46.4714035
Heather Reilly,44,33603 Taylor Light,West Kurt,Missouri,51518,135.268216,58.0935645
Courtney Gutierrez,70,5977 James Knoll Apt. 486,South Keithchester,Michigan,35215,173.776334,-54.2682175
Melissa Anderson,82,7507 Hodge Islands Suite 767,West Philip,Colorado,20155,86.911821,79.980441
Rickey Stephens,86,19604 Patterson Mission,South Emily,Wisconsin,84188,-145.778943,-35.0557775
Derek Weaver,52,63666 Anna Lane Suite 315,South Johnburgh,Rhode Island,61909,-124.583037,-30.1898115
Eric Robertson,38,76946 Joshua Plaza Suite 340,Lake Oscarbury,South Carolina,07041,-82.627817,49.504105
Suzanne Williams,27,8714 Valdez Courts Suite 552,Starkside,Rhode Island,41334,148.886704,-79.5114925
Alan Smith,76,8690 Patricia Orchard Apt. 928,Rojasburgh,Oregon,57494,136.244585,-18.4355355
Shane Johnson,30,75559 Daniel Skyway Apt. 874,Rubioton,Colorado,50882,-127.557595,29.336858
Vincent Shepherd,40,4641 Edwards Well Apt. 197,Ochoaport,South Carolina,30254,-8.959936,38.407569
Vicki Baker,62,0845 Sharp Crest Suite 012,Port Hannah,North Dakota,53320,153.847687,-68.562182
Daniel Snow,46,158 Andrew Hollow Suite 109,South Phillipmouth,New Hampshire,04418,-8.642992,-55.946374
Karen Matthews,20,063 Johnson Lodge Suite 349,East Laura,South Dakota,09204,21.629324,78.3291415
Christina Barton,44,5829 Hill Causeway,New Joshua,North Dakota,38884,97.211265,-37.924954
Krystal Mueller,22,618 Jennifer Mews,Lake Ryanmouth,Oklahoma,34211,107.229277,-18.1925175
Valerie Miller,41,97418 Graham Mount,East Madison,New York,33247,165.306772,-66.0473275
Ashley Cobb,25,75280 Johnson Passage,East Michael,Arizona,73872,-4.520022,-59.3340165
John Guerrero,84,72621 Robin Course Suite 221,New Brent,Minnesota,12898,-36.739509,-80.5018045
Alexandra Curtis,67,636 Berry Corners Apt. 231,East Rachel,Connecticut,78349,-79.789181,-88.183474
Adrienne Hull,54,80203 Hanson Via,South Abigailburgh,Montana,37929,-176.735858,9.796568
Alexander Foster,41,165 Mcintyre Prairie Suite 604,New Karenbury,Kansas,05250,-91.226897,-46.1988405
Anna Rice DDS,33,126 Gallagher Station Apt. 534,Lake Thomasport,Iowa,50904,-66.202243,-60.793860
Scott Harmon,87,242 Lopez Glens,Hamiltonport,Arkansas,51460,-12.827333,29.4200595
Bobby Tran,31,92840 Davies Extension Apt. 506,Sanchezville,Georgia,33433,61.885544,-38.3037095
Rebecca Harris,18,653 Huang Knoll,Port Margaret,Vermont,15349,134.121688,-63.698425
Laurie Pierce,38,540 Waters Shoal Apt. 802,West Jennifer,Nevada,17891,-21.714213,-41.072389
Jason Ford,65,116 Kathy Trail Apt. 919,Alexanderstad,Alabama,92036,178.306159,37.846375
Jose Norris,27,39942 Patricia Courts,Reginaland,Idaho,01496,128.210082,-26.3904515
Louis Rowe,39,0613 Yolanda Points Suite 575,Port Craig,Virginia,43335,107.262565,-55.378399
John Davis,77,76081 Oliver Views,New Desireemouth,New York,77578,65.777846,89.551106
Stephanie Charles,76,5994 Nunez Parks,Trujillomouth,Minnesota,11223,144.743944,31.3106755
William Brown,29,56826 Sanchez Stravenue Suite 563,Michellechester,Idaho,11201,-121.187476,1.7501035
Michelle Poole,28,15971 Garza Port,Adamston,Georgia,52526,-39.463956,-86.1599705
Cynthia Morris,23,4764 Holland Isle Suite 279,Bennettchester,Nebraska,90226,150.822623,55.036475
Chris Jones,87,9296 Heather Circles Suite 613,West Margarettown,Montana,65794,107.281032,-21.4158355
Vernon Gonzales,82,717 Owens Fall,Woodport,Arkansas,04952,-5.705841,43.6927195
Andrea Vazquez,30,4999 Michelle Brooks,Port Robin,Georgia,72867,54.130140,50.5754765
Elizabeth Flores,25,9372 Luis Land Apt. 879,New Martin,Maryland,59393,-126.729193,-68.4483925
Jorge Weber,20,5752 Dale Keys Suite 792,Saraville,Nevada,05363,139.828424,-24.2417615
Steven Carter,81,296 Fernandez Isle,Spearsfurt,Arkansas,20157,132.742455,57.083012
Felicia Craig,80,63733 Gabriela Corner Suite 441,Port Cristina,Wyoming,64875,-62.167495,74.023955
Sean Payne,47,22099 Reese Tunnel Apt. 737,Port Daniellemouth,Maryland,88437,-99.960850,-70.388205
Julia Perry,19,3564 Coleman Mews,Andrewland,Illinois,78468,64.494631,-82.1475705
Darren Lewis,64,3369 Andrew Stravenue,West Michael,Oklahoma,88067,32.711647,30.785256
Brian Davenport,56,68535 Frederick Terrace,North Cynthiamouth,Idaho,99814,-105.029170,-44.164061
Kelly Waller,21,036 Vasquez Pass,Newmanburgh,Minnesota,86278,-81.080680,57.5119495
Maria Potter,81,413 Kathleen Orchard Suite 846,Lake Jared,Oklahoma,68689,-94.681472,33.950445
Connor Bullock,67,0680 Mathews Ferry,Simonview,New Jersey,72106,-71.814395,-82.0434575
Carrie Lam,56,8840 Karen Club Suite 498,East Joseph,Hawaii,04026,44.888492,3.357017
Samuel Gonzalez,80,567 Hill Lights,Lake Amanda,North Carolina,85468,71.199183,61.147623
Beth Miller,37,406 Davis Drive Apt. 572,West Philip,Ohio,43132,-164.170932,-7.257983
Shirley Wood,88,75761 Erica Highway Suite 129,Fisherbury,Delaware,03421,-67.052826,66.4469445
Sean Thompson,56,040 Davis Bypass Suite 902,New Joelhaven,Hawaii,18995,170.584613,-21.0195365
Maria Harris,74,226 Zimmerman Corner,Heatherton,Kentucky,42093,-104.904869,-20.467905
Patricia Carter,73,4153 Mandy Estate,Tinamouth,West Virginia,73890,28.116012,-62.1702795
Keith Wolfe,80,02499 Watts Ville Suite 191,West Travishaven,Washington,31362,-111.289883,67.303910
Scott Gardner,84,280 Brown Center Suite 659,Derekport,Illinois,59535,-136.444040,66.9155285
Sean Johnson,39,555 Alejandro Islands,South Patrick,Vermont,82484,26.919225,53.271112
Allison Lee,57,927 Robert Wall,North Elijah,Florida,23945,44.858109,-20.474266
Eric Smith,31,51758 Ryan Estates Suite 369,North Cynthiamouth,New Mexico,57625,110.267203,-86.860544
Michelle Jones,36,3780 Waters Way Suite 254,Brighthaven,Wyoming,90107,7.779148,77.979984
Nicholas Perez,44,60480 Ronald Mountain Suite 176,New Jesseland,West Virginia,17061,93.563755,-89.2615565
James Morris,23,4498 Novak Brooks,Tannerstad,Delaware,50951,-62.106688,-3.090277
Patty Washington,79,23669 Murray Drive Suite 613,Port Albertburgh,Nebraska,95399,-2.907188,14.751362
Erica Hayden,66,879 Garrett Plains Suite 238,Lake Meghantown,Washington,97580,6.022900,-72.799311
James Harper,36,019 Thomas Meadow,West Mckenziechester,Delaware,77445,169.635922,-55.8929065
Rita Brown,72,697 Rhodes Crossroad Suite 432,Jamesborough,Colorado,31115,149.287334,74.1890785
Jacob Gardner,49,50601 Stephanie Avenue,Boyerberg,Montana,72984,-20.869908,-27.5707025
Kyle Greene,60,79856 Hickman Throughway Apt. 704,Lake Sarah,West Virginia,54075,-3.277763,-30.2943165
Todd Hanson,61,447 Paula Mill,New Crystalland,Colorado,23350,31.353164,11.7275655
Karen Valentine,68,56930 Sarah Square,Bryantland,Nevada,61132,-101.752620,61.6371175
Thomas Duncan,25,478 Cobb Gateway Suite 506,Dannyshire,Idaho,63776,114.612818,-13.896893
Carlos Wagner,88,47735 Ruiz Circle,Courtneytown,Connecticut,97964,-121.249417,-33.9443705
Christina Harris,37,05393 Mary Vista,Warechester,Alaska,59682,-174.687853,9.172766
Lisa Ellis,66,3623 Lawson Hill,Monicachester,South Dakota,28372,-156.088198,40.445596
Lisa Delgado,41,7921 Smith Points,Stoneville,Idaho,18974,-1.698747,-46.6577765
Jeffrey Novak,88,3940 Glover Avenue Apt. 693,Jasonmouth,Missouri,16989,-111.515874,-45.927479
Tonya Perez,21,9882 Meghan Hills Apt. 169,Cristinaborough,Idaho,33464,81.024618,-35.478425
Kenneth Browning,77,8666 Beard Circles,West Austin,Montana,87522,-33.440518,-30.0359285
Cassandra Stephens,34,1844 Christopher Brook Apt. 155,West Andreaville,Missouri,82368,-37.510342,14.2496615
Tammy Myers,64,086 Danny Manor,Port Megan,Michigan,32255,172.294538,87.036218
Todd Cannon,47,03327 Taylor Loaf Suite 013,East Sarah,Utah,66343,-45.595124,28.4127725
Joshua Sheppard,74,41866 Dustin Lodge Apt. 172,Taylorfort,Texas,36496,33.688550,46.5094295
Barbara Scott,89,0259 Troy Spurs Suite 907,Kurtshire,Idaho,92127,-176.529901,48.0236765
Kristina Terrell,46,1867 Dakota Common,West Jessica,Ohio,45704,70.747122,-51.7479545
Sarah Anderson,42,5869 Michael Locks Apt. 070,Davisview,New Mexico,48190,139.441537,-82.1366805
Christine Curry,37,347 Jason Dam,Andersonberg,Colorado,59388,-126.427845,70.8586345
Amanda Parker,30,1588 James Gateway,New Jeffbury,Ohio,02368,-150.797458,-15.4548465
Holly Jackson,90,177 Robert Ville Suite 028,Adamsside,Maryland,19576,-80.928177,78.401650
Raymond Nguyen,78,00315 Tara Circles Apt. 110,Ritabury,North Carolina,04216,110.744961,30.8834935
Julia Kelly,88,744 Moore Canyon,Port Robertberg,Hawaii,69178,94.047311,2.0964215
Sarah Gonzalez,40,410 Mary Camp,East Michael,Colorado,12667,116.085299,-48.495116
Michael Long,56,063 Bates Well,Tiffanyport,Wisconsin,74214,-8.830255,64.5023545
Thomas Davis,73,298 Sandra Park,Garciaport,Arizona,38757,-125.079982,-54.8663445
Karen Walker,29,780 Martha Ways Apt. 410,Connieport,New Jersey,88265,148.894545,79.9197105
Jeffrey Jacobs,60,57777 Anthony Haven,North Alberttown,Virginia,47520,127.752099,-77.012546
Cassandra Carson,20,2074 Jacob Bypass Apt. 919,North Edwardmouth,Arizona,33171,-155.080263,-15.6635625
James Hayes,78,882 Turner Walk,Navarroton,Colorado,35674,-60.443648,-26.5441795
Raymond Erickson,86,4658 Hall Glens,East Stevenside,Alaska,36504,55.866206,73.444380
Crystal Cordova,88,8277 Amanda Forks,Lake Michael,West Virginia,13461,63.895621,-14.6113545
Randy Martinez,23,5239 Ruben Ramp Suite 747,Kiaraburgh,Indiana,99912,-176.159179,46.7187805
Gene Johnson,65,31286 Julie Creek Apt. 551,East Sharonport,New Hampshire,86573,-13.320758,-13.3862675
Alec Rivera,44,817 Flores Glens,Jonesport,Kansas,75805,62.427878,-64.707321
Christopher Pearson,81,593 Newman Union Apt. 946,Troyside,Missouri,97222,10.887682,13.330137
Julie Jones,31,1027 Aaron Causeway Suite 697,South Anthony,Washington,99319,144.058728,39.606143
Anthony Garcia,35,697 Vega Drive,West Markburgh,Indiana,97969,-129.542341,50.530792
Christina Wiggins,37,542 Aaron Lane Suite 510,Port Markberg,New Hampshire,06127,102.081186,-67.000357
Dean Leblanc,88,90729 Anthony Wells,Lake Larry,Iowa,81499,23.965617,-87.7973665
Daniel Russell,41,8153 Davis Ridge Apt. 899,Maryview,Ohio,43342,-29.250394,-70.4140295
Kimberly Johnson,30,00911 Morales Cove,Jenniferview,Nebraska,23720,-159.833131,47.545469
Amber Washington,85,046 Michael Throughway,East Chelsea,North Dakota,55600,-152.184646,62.6501975
Lisa Peters,32,2571 Riggs Walk,Josephchester,South Dakota,94849,-83.268918,36.4487405
David Kelley,60,196 Williams Causeway Suite 336,New Mary,Kentucky,04324,-24.346385,47.6933535
William Stevenson,21,226 Edward Ridge,Kellyport,Indiana,46066,171.577946,-36.653030
Wanda Johnson DDS,85,37099 Rivera Unions,Dawnview,North Dakota,33597,-76.596309,-43.086007
Justin Scott,67,85724 Elizabeth Inlet Apt. 075,Frazierville,North Carolina,90419,-97.423918,13.4976405
Todd Johnson,48,6541 Nash Rapids,Lake Brandonland,West Virginia,42066,137.786193,-29.513417
Darrell Mcmillan,48,87706 Vanessa Union Suite 486,New Whitney,Colorado,54887,36.029712,7.9704715
Christine Mcfarland,24,8935 Williams Falls Suite 315,Port Deborahstad,Hawaii,39564,149.630946,24.4009715
Calvin Mckee,26,890 Kyle Spring,West Johnport,Pennsylvania,32109,-78.298991,-23.0593335
Joshua Jacobs,19,285 Conley Bypass Suite 675,Stevensstad,Mississippi,57055,-114.361898,28.3478765
Sharon Hill,63,52182 Ward Station,North Maureen,Indiana,41319,153.538202,78.853332
Jose Bradshaw,89,4725 Carpenter Street,Richardbury,Massachusetts,80425,-175.668592,-67.9744415
Jason Turner,35,41289 Knight Cove Apt. 255,Toddmouth,Ohio,09596,-32.465300,-67.3091845
Maria Walsh,37,9037 Jason Track Apt. 982,Hollymouth,Utah,13202,-99.259786,-72.3093065
Erika Luna,36,500 Cynthia Cape,Lake Rebecca,California,46846,-14.312019,81.8599215
Larry Le,61,3854 Wilson Lodge,North Christopher,Maryland,31898,128.023857,-13.0137255
Collin Johnson,83,86785 Austin Wells,Jamesfurt,Ohio,19408,-130.677070,69.497615
Robert Wilson,90,69203 Teresa Street Suite 602,Robertsborough,New Hampshire,60330,-152.878443,-77.338943
Edwin Holland,49,0355 Newman Lakes Apt. 585,Port Mary,Maryland,88748,-161.597943,-5.784789
Lauren Lane,55,786 Carl Court,Ruizstad,South Dakota,52173,175.425151,58.547010
Rhonda Hill,64,730 Joshua Trail,Bethanymouth,Vermont,33152,103.420255,-39.6762355
Carol Moore,72,266 Ramirez Port,South Rachelborough,Idaho,28872,75.933840,-55.3940125
Sandra Arnold,22,82632 Mclean Loaf,Crawfordshire,West Virginia,55870,101.275783,71.941568
Katelyn Gonzalez,83,01376 Richard Lane Suite 553,Port Allison,Utah,41612,85.819782,60.4225085
Frank Powers,54,43208 Waller Mount Apt. 103,West Jacob,Louisiana,00883,0.076004,8.6638115
James Dougherty,40,58884 Hailey Ways Suite 396,East Pamela,Louisiana,30141,-172.645385,77.634327
Shelia Lamb,65,07488 Schmidt Cliff Suite 371,Burnsville,Oklahoma,54171,164.356254,-78.063868
Meredith Dean,44,9117 Timothy Trail Apt. 090,South Heather,Connecticut,76001,124.088584,25.672515
Brandon Sanchez,66,2019 Smith Forge,Franktown,Maine,52212,152.519662,-6.2395175
Rachel Boyd,40,84159 Jamie Fort,Patriciabury,Connecticut,59306,-4.780452,-54.793956
Crystal Cook,57,61032 Stacie Vista,North Tammy,Maine,43931,98.765914,-75.547399
Joshua Fritz II,41,90323 Perry Forest Suite 443,New Ashley,Ohio,62480,-21.450875,82.566076
Lisa Thomas,31,056 Jeff Walk Apt. 840,South Nicole,Arizona,21450,-102.117323,-11.417496
Rebecca Price,36,1158 Price Lakes,Matthewstad,Mississippi,44184,126.632231,-45.728550
Nathaniel Nelson,36,3972 Wright Tunnel Apt. 509,Zhangton,Maryland,14268,77.082889,18.4370635
David Jackson,19,70685 Laura Vista Suite 627,Bonillaberg,Texas,50522,161.069930,-46.079787
Ronald Young,78,984 Mary Key Apt. 590,Lake Erin,Wisconsin,14911,-103.959015,39.520504
Walter Chambers,77,0171 Johnson Fields Apt. 997,Port Daniel,Nevada,13532,-166.275417,-2.7805735
Briana Hudson,42,267 Harris Island,Garciaview,South Carolina,35599,-151.984101,-32.363958
Tracy Oneill,81,277 Miller Circle,West Sandy,Oregon,35753,9.884776,76.8709505
Carlos Holden,41,754 Martin Road,Lindaton,New Jersey,45453,-88.083656,-25.5742795
Sean Roberts,71,101 Smith Shores,Davidmouth,Michigan,99781,50.245357,-75.6146295
Matthew Alvarez,56,51501 Ryan Forges,Port Adam,Texas,87147,2.884507,-27.027507
Jason Ayala,85,024 Brian Circle,Lake Antonio,Tennessee,51581,85.163423,70.093797
Debra Ortiz,68,02687 Johnson Extensions Apt. 764,Lake Thomasborough,Idaho,08842,-28.820983,63.711538
Michael Powers,90,57272 Castro Camp,Rosemouth,Indiana,60740,-64.142742,-71.9200565
Mallory Cervantes,33,050 Dustin Plaza Apt. 815,Port Ericview,Rhode Island,37924,143.573300,-45.7911615
Richard Skinner,32,318 Caitlin Inlet Apt. 879,North Bryanland,Montana,50986,121.417150,71.3177625
Allen Price,85,4367 Wilson Extension Apt. 720,West Michaelfurt,Idaho,71721,85.927369,-71.512824
Penny Hicks,18,58016 Atkins Rapids Suite 905,Lake Amy,Wisconsin,54838,162.602189,-25.8799115
Mark Duran,18,017 Jimenez Trail Suite 254,South Kaitlynstad,Arizona,53952,-173.951197,85.0584495
Alexis Fernandez,88,267 Elizabeth Meadows Apt. 225,Robertville,Delaware,61774,98.654426,68.3584415
Michael Simmons,48,9774 Antonio River Apt. 569,Dominguezfort,Idaho,71169,78.193694,-18.0745885
Brandon Solomon,66,36073 Michael Forks Suite 438,West Erik,South Dakota,02191,-165.353648,5.725403
Barbara Evans,68,702 John Village Apt. 327,North Jacob,Georgia,47119,2.314832,57.322125
Leslie Jones,67,0410 Green Islands,Brucemouth,Massachusetts,65207,-144.266959,70.552673
Wendy Gilbert,78,60441 Bonnie Terrace Suite 721,Lake James,New York,01430,96.856790,48.072034
Jason Delacruz,48,2268 Lisa Groves Apt. 814,Lake Davidside,New Jersey,12008,78.923729,69.710501
Heather Vargas,25,248 Schmidt Ferry Suite 177,East Jamesport,Oregon,12078,169.255527,-30.660095
Kenneth Miller,76,3342 Luis Rue Apt. 386,Brookefort,Alaska,10623,-14.373192,-67.957436
Kathryn Scott,21,936 Jacob Canyon Apt. 525,Port Christopherview,Kansas,87537,-26.716060,-17.338366
Erin Osborne,53,730 Erika Ville,Boydfurt,Delaware,61528,-14.565108,87.052323
John Harris,71,15311 Sarah Plain Suite 923,Rogersview,Idaho,06285,-115.611589,-68.7701615
Dominique Hernandez,55,963 Kimberly Harbor,Gutierrezberg,Virginia,29001,-145.064925,0.1800275
Eric Cooper,49,75381 Phillips Brooks Suite 961,Daniellefurt,Arizona,49349,-28.384265,12.7427065
Jessica Walker,86,4053 Campos Parkways Suite 466,Stewartfurt,Nebraska,40308,-4.661218,-24.5566505
Samuel Nash,87,73838 Freeman Pike Apt. 261,South Amandaview,New Mexico,76906,-42.301241,79.407375
Marilyn Page MD,35,8374 Rasmussen Springs,West Kimchester,Washington,28491,125.951245,60.3410755
Alan Smith,18,1565 Rollins Shores,North Jenna,Delaware,78239,82.344703,62.488390
Alicia Schmidt,43,557 Brittany Underpass,East Arthur,Indiana,06266,-50.950207,-58.9212495
Rachel Dunn,35,431 Pierce Roads,Edwinburgh,Maine,22833,-8.299048,-7.6771755
Juan Jackson,79,24011 Morris Course Apt. 857,East Victoria,California,08336,-85.604036,72.122432
Kathy Gonzalez,62,925 Lowe Lakes,Elliottview,Montana,64438,-156.955401,11.130522
Tonya Reynolds,60,834 Sanders Radial,Lake Michaelaville,Maine,28613,-31.445303,-62.6650855
Lucas Hawkins,79,70816 Young Square Apt. 699,Blackfort,North Dakota,46121,109.856875,80.487275
Robert Jones,58,76032 Michael Valley Apt. 903,Veronicaland,South Dakota,51537,46.925820,-52.514761
Dawn Hodges,41,30882 Alicia Key,Lemouth,Tennessee,11244,-179.492457,7.8684785
Kristen Aguilar,58,251 Andrea Fork,Samanthaton,Indiana,92896,8.210208,-17.382830
Dale Gates,22,73020 Lewis Parkways,Latoyamouth,Connecticut,03789,64.722260,49.116002
Allison Murray,71,3901 Brandon Lodge,Woodardview,Texas,40036,29.007039,73.5633755
Samuel Carpenter,69,6011 Garcia Unions Apt. 765,Jeremystad,Utah,38925,-62.977310,22.808838
Michael Mack,30,132 Jones Street,East Shannonport,South Carolina,13105,51.799394,6.993870
Carlos Lopez,79,87651 Mitchell Squares,Larsonstad,Alaska,53523,109.386198,31.093270
Amanda Bass,61,7875 Vang Row,Lake Timothyview,New Jersey,18317,-92.782243,-20.747655
Matthew Salas,44,73035 David Course,Garciahaven,Georgia,13236,28.584179,46.699042
Laura Crawford,51,6034 West Knolls,Port Elijahborough,New Jersey,93389,-0.214028,72.6730815
Jeffery May,45,34779 Tyler Skyway,Port Andrew,Delaware,68007,-130.061337,-23.0519825
Christopher Ferguson,59,3243 Gray Loop Apt. 611,Rayberg,Connecticut,00932,-14.455721,50.290364
Meghan Colon,32,74058 Morris Mount Apt. 527,Port Arthurton,Pennsylvania,56156,84.638807,-7.186929
Lori Alvarez,41,039 Todd Vista,Lake Brendaton,New Mexico,60332,-43.961812,-88.262580
Elizabeth Ortiz,63,28539 Lee Ferry Suite 063,Kirkchester,California,38442,-106.207924,-70.229416
Bobby Lyons,73,386 Becky Village,Timothymouth,Wisconsin,36016,-92.234861,63.4064175
Austin Thompson,44,202 Eric Flat Apt. 222,Scottland,Oregon,50855,-50.955866,68.107083
Bryan Collins,50,3793 Luis Views Apt. 397,Rodneyton,North Dakota,56856,-142.358533,-10.7989265
Matthew Johnson,19,5169 Erica Ramp Apt. 100,Ortizfort,Nebraska,18708,-93.032510,1.726302
Emily Ruiz,48,967 Angela Heights,Mandyport,Texas,70584,-9.490523,-21.3380445
Charlene Wiggins,49,7462 Melton Forest Suite 610,Wilkinstown,Colorado,89075,12.288753,83.2791745
Casey Nunez,87,08100 Corey Road Apt. 291,Philipborough,Alabama,86931,2.002185,-50.7635455
Desiree Melendez,75,62882 Gomez Junctions Apt. 554,South Andreaside,Maryland,33196,63.751078,10.251703
Jennifer Moore,27,2276 Zachary Rue,Lake Mariaport,Arizona,56930,138.652900,15.797604
Danielle Wilson,60,988 Micheal Underpass,Kathryntown,Nebraska,02336,-149.374249,6.7171265
Blake Young,48,5684 William Rapid,South Suzanne,West Virginia,35260,-99.677817,-60.6559785
Joan Summers,78,870 Kayla Canyon Suite 444,Amyview,Wisconsin,21885,34.679545,28.731666
Justin Anthony,55,1567 Tracie Creek Suite 555,West Kimberlymouth,Montana,76282,-61.725260,-16.337231
Patricia Ross,66,6995 William Meadows Suite 543,Carrollborough,Florida,04894,-81.930854,-75.192176
Gerald Colon,52,738 Summers Falls Apt. 207,Russelltown,Minnesota,01485,-84.854631,22.618405
Christina Smith,26,88514 Phillips Prairie,New Rachel,Texas,25691,-0.688494,-55.681742
Amanda Carr,34,9616 Kayla Rest Apt. 717,North Anthony,Arkansas,17234,35.522826,-59.919226
Tiffany Lewis,38,327 Bailey Springs Apt. 226,Lake Melissa,Colorado,16021,-109.321829,-53.141204
Juan Patrick,81,42031 Kimberly Course,Austinfurt,Delaware,60780,171.132068,80.3648955
Brittany Miranda,60,02298 Collins Fields Suite 069,Ericmouth,Texas,47861,-110.647442,9.2597535
William Buckley,77,79575 Rich Gateway Apt. 383,North Charles,Colorado,46480,-76.493574,79.089905
Samantha Lucas,73,5564 Dennis Streets Suite 061,Mclaughlinfort,Vermont,37977,-154.928939,-78.0295695
Christian Anderson,56,58581 Jennifer Underpass,Port Davidland,West Virginia,15759,178.698680,10.3338025
Dustin David,64,063 Douglas Divide,North Kathyside,Ohio,65187,-128.691812,-63.1288785
Diane Patton,37,67543 Stacy Unions Suite 115,South Suzannechester,Minnesota,71204,113.415938,-1.670993
Donald Williams,26,64457 Mueller Square,West Rebeccamouth,California,97605,30.738510,-32.594647
Emily Wheeler,64,609 Diane Valleys Apt. 394,West Larryside,Ohio,68422,120.730955,-55.959885
Mr. Kyle Michael Jr.,64,6018 Campos Lodge Suite 345,Evansmouth,Tennessee,88104,83.778402,-38.244807
Molly Baker,27,38484 Rose Pines Suite 839,Thomasmouth,Idaho,10098,-104.653093,-45.8432495
Angel Jacobson,24,74310 Katherine River Suite 576,Wattsborough,Alaska,22733,9.387405,-19.9244005
Bailey Bell,79,91870 Mendoza Turnpike Suite 923,Port Robert,West Virginia,33386,126.515480,-33.1742855
Brett Rojas,32,47324 Tim Mews Apt. 542,South Anthonymouth,Washington,06677,115.016899,5.946422
Christopher Silva,66,798 Jones Street Suite 396,Port Kevin,Connecticut,91337,-48.981486,14.485941
Michael Sullivan,41,92620 Alejandro Manor,Carlsonville,Arkansas,18664,169.775110,-18.9248345
Rebecca Hughes,54,998 Mendoza Pass Suite 647,Andrewmouth,Missouri,53922,104.245534,50.8824585
Steven Rodriguez,63,60949 Noah Turnpike,East Sara,Kansas,17807,66.017755,11.2359065
Paula Bowers,60,857 Jarvis Crest,New Christopherstad,Wisconsin,85395,-87.340259,-81.2175325
Emily Rose,64,429 Tracy Shore,Lake Tim,Wisconsin,70669,129.286552,12.7296435
Matthew Harris,34,058 Freeman Mill,West Maryside,Colorado,92840,-114.753006,-53.494041
Darryl Weiss,33,041 Juan Crest Suite 685,Middletonberg,Iowa,20178,46.287327,35.565776
Jeanette Anderson,45,00643 Dodson Squares,New Jonathan,South Dakota,65529,109.837461,72.9928335
Andrew Gardner,79,017 Michael Courts Apt. 489,Hodgesville,South Carolina,22915,19.488645,76.3625235
Donald Brown,47,8612 Robert Road Apt. 114,Rebeccamouth,Wyoming,93884,129.073409,45.166047
Brandon Lewis,24,67235 Maria Falls Apt. 170,Anthonymouth,Michigan,47363,110.551980,-88.0549185
Alan Castro,70,507 Sweeney Extension,Lake Gabriel,Colorado,74328,-132.098026,14.086110
Sean Kennedy,79,7731 Joshua Forges,South Jessicabury,Idaho,07728,-60.108376,89.0360035
Michael Hanson,25,935 Smith Fork Apt. 259,North Samantha,Alabama,85574,-143.056612,-8.824719
James Ramirez,43,14293 Stephanie Club Suite 336,Robertburgh,New Hampshire,45913,57.508089,-51.3735175
Ann Oconnor,23,8358 Joseph Walks Apt. 781,South Erik,Tennessee,28919,-168.544888,7.173405
Ashley White,60,736 Scott Square Apt. 395,Taylorview,Nevada,51807,-164.682657,-32.078906
Antonio Underwood,18,55300 Farmer Radial Apt. 139,North Zacharyborough,Iowa,79932,-72.843797,7.0901395
Jessica Rodriguez,70,41968 Carrie Spur Apt. 503,Smithville,Vermont,55437,134.081415,-83.384744
John Patterson,76,102 Smith Rapids,Taylortown,Louisiana,54162,-67.582607,52.422710
Joseph Franklin,50,8707 Alexis Oval,Jeremyshire,California,51625,172.689769,-69.1732785
Alexis Davis,48,5319 Salazar Haven Suite 495,Tracybury,Iowa,60040,-176.792521,87.572688
Sierra Bates,49,503 Jones Avenue Apt. 787,Robinsonton,Missouri,54606,165.491025,-48.6053795
Kristin Lee,44,53269 Montes Extensions,Andersonview,West Virginia,71065,-84.653739,2.4842905
Michelle Jones,63,3522 Lee Shoal Apt. 925,East Mariah,Hawaii,55968,149.864127,-83.493794
Virginia Rice,74,0709 King Prairie Suite 113,Gabrielashire,Nebraska,51086,141.401680,-76.853483
Brittany Jackson,67,8350 Archer Viaduct Suite 473,Port Karenton,North Dakota,42229,27.574126,23.4467465
Ms. Angela Duffy,44,895 Bonnie Isle Apt. 424,Bakerville,Rhode Island,44902,32.108730,-34.537905
Blake Peterson,57,394 Michael Crossroad,New Tylertown,North Carolina,75729,129.293496,12.582127
Theresa Galloway,90,442 Brown Rapids,New Gary,Missouri,32045,20.940067,41.185465
Terry Hurley,36,797 Hawkins Station Suite 655,Roseport,South Dakota,74717,56.489282,44.2571625
Jordan Le,41,807 Kaitlyn Canyon Suite 894,New Jenniferburgh,New York,16902,-16.971999,37.8817455
Gary Johnson,67,260 Alexander Land Suite 205,Palmerview,New York,33178,-15.979587,-48.053524
Joseph Anderson,23,498 Casey Extensions,West Brian,Mississippi,85567,-132.750041,49.272482
Jennifer Jones,34,2360 Hutchinson Tunnel,Lake Carolyn,Louisiana,56690,96.983273,1.486372
Rebekah Villanueva,24,58215 Tina Springs Suite 634,West Jessica,Kentucky,53906,-55.994514,-71.1758515
Ashley Robinson,29,184 Lucas Dale Suite 283,North Jenniferside,North Carolina,58425,112.416079,-34.1633825
Warren Soto,32,107 Joseph Glens,South Tammy,Minnesota,31503,-104.026551,17.2768535
Ashley Robinson,36,525 Nicole Trafficway,North Joseph,Delaware,24223,137.412781,-32.082405
Mark Mcdonald,45,7499 Jones Roads Suite 648,South Jessicatown,Illinois,81898,177.331143,-25.5852975
Ricardo Sutton,24,54076 Walker Circle,Diazchester,Wisconsin,00796,26.564298,-55.2671815
Matthew Lozano,45,13986 Stephen Flats,South Ericborough,Mississippi,41647,-103.786109,45.175249
Kathryn Ford,50,7633 Gerald Trail Apt. 952,West Rebecca,Maine,32999,110.125964,2.335974
James Zimmerman,27,2303 Landry Ridges Apt. 499,New Robertfurt,Colorado,64872,36.100551,-6.188098
Charles Watson,83,21465 Zachary Points,South Tiffany,Ohio,37493,179.961751,-19.055727
Christopher Gonzales,74,920 Bell Rue Apt. 492,Cynthiamouth,New Hampshire,79102,-145.585969,-68.115639
Jessica Hill,45,45917 Clark Cliffs Suite 512,Lake John,Maine,55116,-95.162674,75.1074325
Brittany Mcpherson,36,7382 Anderson Flats Apt. 771,North Ryan,New Hampshire,42779,-8.988253,9.243667
Patrick Lester,21,29053 Bennett Springs,Brendahaven,Nevada,50012,153.101142,-79.9691755
Jimmy Cameron,84,14740 Lester Village Apt. 015,Sweeneystad,South Dakota,93568,58.660000,-60.9178635
Kevin Higgins,55,122 Randy Road,Jasmineton,Minnesota,25779,110.400932,-55.499622
Hannah Cruz,82,12423 Andrea Divide Apt. 946,Julianville,Mississippi,68959,-122.540698,-56.588307
Jessica Flores,29,0001 Romero Courts Suite 054,Dawnborough,Montana,50410,51.071032,10.4245175
Christopher Gutierrez,54,430 Patricia Inlet,Port Michael,Pennsylvania,52359,-159.920654,-21.7954295
Virginia Richards,31,58175 Smith Parks Suite 867,West Michelle,Mississippi,71257,-29.741284,7.2911245
Jennifer Jones,18,841 Valencia Route,New Davidhaven,Indiana,92366,-29.050526,-22.614216
April Carroll,57,31825 Martin Drive Suite 111,Stephanieberg,South Dakota,57976,-100.909727,-12.0138065
Regina Murray,39,31701 Moore Dale,West Timothyshire,Montana,47083,-83.613367,68.172736
Blake Carr,50,32344 Mitchell Trail,Jeffreychester,Delaware,54246,65.680375,38.050202
Crystal Hill,71,330 Ayala Loaf Apt. 277,Nancyshire,Delaware,58005,12.201242,56.6222795
Richard Murray,62,61472 Gary River Suite 568,Victoriaburgh,Alaska,65309,-127.517317,-46.678611
Kimberly Evans,70,4084 Richard Flat,Aprilshire,Mississippi,38102,-169.411813,17.667407
Amanda Johnson,58,14745 Gina Brook,East Jeremy,Ohio,86719,-107.653863,-41.0997375
Ashley Rivera DVM,74,3912 Jones Gateway Apt. 732,Williamsfurt,Iowa,38450,-27.218142,47.313917
Leah Stephens,24,9735 Eaton Common,Port Andrea,Texas,91495,-104.312284,-88.150379
Christopher Martin,63,009 William Lodge,North Susan,Virginia,68237,-163.209561,32.410355
Mark Wilkerson,19,662 Chen Court Suite 045,Lake Amyborough,New York,25577,49.172341,-53.1026665
Sarah Butler,89,25402 Suarez Knoll Suite 276,Frankmouth,New Jersey,59867,-117.716281,-18.2339735
Tamara Ortiz,59,37073 Wiggins Road Suite 653,South Kyle,Iowa,52838,142.861761,29.206871
Jessica Torres,72,835 Golden Burgs,North Deanchester,Rhode Island,03499,82.881620,-78.781947
Angela Jackson,23,091 Lewis Spur,West Timothy,Maryland,50928,-107.241659,-29.830049
Matthew Graham,35,689 Miller Road Suite 777,Erikaborough,Alaska,67941,104.006728,70.127271
Dr. Jonathan Espinoza,86,272 Tom Junctions,Burtonfurt,Nebraska,59343,-148.778855,-84.605078
John Adams,58,774 Chad Shoals Suite 027,New Katherine,Pennsylvania,65010,-119.897363,-88.9494465
Robert Fisher,18,166 Sanchez Locks Apt. 694,New Stephen,Wisconsin,13025,16.314958,17.9156165
April Evans,39,57476 Kenneth Wall,Harrismouth,Pennsylvania,61034,-52.128534,-74.078308
David Miller,52,2779 Sanchez Hills Suite 807,Port Jerrybury,Oklahoma,12859,126.241244,25.926534
William Waller,22,53144 Larry Tunnel Suite 993,New Timothyberg,Kentucky,55449,-86.049793,22.3522555
Mary Moore,86,5690 Le Crescent Suite 420,Port Michaelside,Nebraska,71284,-148.066703,-82.9716705
Tracy Sanchez,80,99598 Daniels Light,Josephborough,Washington,04674,104.181575,81.9562405
Trevor Smith,52,37574 Vazquez Burg,East Mollymouth,Alaska,82662,130.048676,84.975676
Shawna Mills,23,017 Jones Mountains Suite 983,Shaunstad,New Hampshire,18879,-168.271769,1.9060895
Debra Cordova,24,312 King Throughway Apt. 055,West Joel,Maine,77587,174.092432,53.7957215
David Fisher,32,382 David Cliff Suite 158,New Latoya,Ohio,98570,-27.141900,41.676354
Joseph Moore,54,98060 Kennedy Vista,Staceytown,Texas,54926,-64.936175,19.3638415
Elizabeth Gonzalez,19,78879 Sarah Mall Apt. 058,Curtismouth,Alaska,41697,84.924818,-19.2623985
Rebecca Cooley,43,801 Steven Drive Suite 893,Port Nicole,Pennsylvania,68746,13.024365,-61.123983
David Taylor Jr.,87,43161 John Inlet,West Louischester,Missouri,08408,157.332317,-24.062152
Devin Lee,55,938 Robinson Summit,Dominguezhaven,Alabama,42976,-153.693147,-49.218501
Jose Kemp,65,00635 Ashley Mall Suite 272,Crystaltown,Wisconsin,29757,-75.423495,24.686422
Stephanie Mullen,56,067 Lester Bypass Suite 359,West Melinda,New Mexico,51876,23.145413,5.667585
Stephen Ford,19,275 Julie Harbor Apt. 887,Port Nicholaston,Idaho,35779,-17.716055,25.2641925
Diane Parker,36,180 Lynn Coves Apt. 148,North Richardbury,Rhode Island,41138,-9.351332,81.789491
Pamela Thompson,73,054 Doyle Street,West Mark,Vermont,76149,-120.821267,89.4543535
Kyle Sandoval,49,668 Megan View Apt. 937,Obrienside,Nebraska,22052,0.693738,-32.9670525
Ruben Beard,27,29723 Davis Square,Sarahmouth,Hawaii,68299,-56.178852,-13.1449115
Emily Cooper,54,73030 Vargas Mission Suite 430,North Matthew,Michigan,38822,-44.497232,75.0856975
James Kelly,72,253 Allison Estate Suite 402,Emilyview,Alaska,82214,80.065072,42.274470
Roy Smith,68,254 William Trail,New Jonathan,Arkansas,69437,-65.631990,-36.604368
Robert Jones,37,2767 Rosario Wall,South Kathleen,Illinois,01138,60.779712,67.037231
Danielle Mueller,46,504 Moore Station Suite 192,Adamport,Indiana,55977,149.270373,63.2374465
Katherine Walker,60,499 Delgado Lane,South John,Maryland,93167,-129.302595,58.011089
Jonathan Jones,62,0703 Andrea Meadow,South Alicia,Illinois,96190,83.143959,45.956767
Douglas Davis,43,5052 Cody Gardens,Stanleystad,Colorado,90126,-18.573986,-61.0038235
Nicholas Maxwell,78,521 Martin Circle,Kevintown,Minnesota,59929,40.801824,19.6742255
Allison Duncan,86,43540 Rodriguez Spring,West Williamland,California,91162,124.383347,-23.259267
Anna Becker,25,591 Martha Run,Mercedesview,Louisiana,11546,5.024026,-39.5473835
Joshua Reyes,34,171 Patricia Tunnel Suite 348,Hillshire,New York,37412,-150.878714,-50.0484425
Stephanie Barry,33,10829 Moss Lights Suite 447,Kristenville,Pennsylvania,19285,83.222798,19.870822
Jessica Stevens,22,846 Yolanda Square Suite 441,West Andrewville,Kentucky,19610,-111.166831,-51.830457
Bryan Walter,38,47252 Michael Parkways Apt. 055,South Heather,Florida,99265,16.269330,24.4826505
Jason Graves,62,830 Johnson Oval Apt. 616,New Bonnie,Illinois,51832,178.981379,-10.8199085
Brooke Miller,79,15687 Obrien Turnpike,Juanview,Hawaii,63162,147.685540,-41.1092345
Ms. Christine Anderson DVM,66,33317 Evans Cliffs,Davidville,Hawaii,28391,-2.910442,-62.3059735
Zachary Ray,63,99309 Clark Mountain Suite 033,Leehaven,Alaska,11897,-11.159969,-59.6676855
Joshua Harris,43,8486 Dana Views,West Sarahside,Alabama,40919,-123.801885,-26.9735935
Jason Stevenson,39,64667 Baker Cliff,New Nicholastown,New Jersey,79856,-21.703793,75.574816
Janet Harvey,83,298 Baker Manors Suite 914,Gonzalezbury,Louisiana,03280,-105.235600,51.3804605
Kristi Miles,36,108 Chad Expressway,North Robert,Maryland,44543,-87.805824,-71.0664035
Gregory Lowery,73,097 Fisher Plaza,South Daniel,New York,07169,-83.340005,-2.536100
Lisa Wagner,66,44826 Gonzalez Roads Apt. 452,Martinezport,Connecticut,55003,-67.671261,75.9459855
Justin Gutierrez,58,075 Hernandez Lodge Apt. 951,Hernandezland,Vermont,52484,176.366150,67.814413
Roy Hatfield,64,0636 Gregory Flats,Port Michael,West Virginia,54378,54.584077,-38.2516635
Joseph Rodriguez,53,321 Sosa Junction,New Rebecca,Rhode Island,47445,-47.579208,-75.8209835
Jason Myers,24,55483 Walter Underpass,West Ryanville,South Carolina,59223,-144.557343,70.632439
Kurt Johnson,22,348 Ruiz Turnpike,North Cynthiaport,Iowa,74060,-47.189028,-33.6510325
Pamela Murillo,87,4260 Denise Wells Suite 530,North Amanda,Nevada,30713,165.906834,83.088911
Brian Simmons,35,62589 Michele Greens Suite 156,West Jessicaborough,Colorado,55925,11.768000,-6.825899
Nathan Day,46,71961 Sanchez Canyon,Roachstad,Tennessee,65025,-59.301313,48.116178
Brett Watson,40,87250 Barton Parks,Christinaville,New Mexico,01327,173.089599,6.3404815
Travis Evans,22,9659 Alex Prairie Suite 811,Harrisborough,Massachusetts,94350,179.230775,-7.7550495
Amy Sanchez,28,94209 Evans Lock Suite 986,West Gregoryhaven,Texas,72092,-66.292126,-63.197475
Shawn Ballard,26,055 Campbell Track,Clintonhaven,Iowa,17196,-103.787514,29.6134825
Corey Davis,70,2178 Jason Fields,Ricefort,Tennessee,96407,-138.890999,84.220251
Michael Nelson,90,769 Fernandez Trafficway,South Whitneyside,Illinois,13597,121.788288,16.892916
Stephanie Perry,64,30391 Potter Parkway Suite 039,Zacharymouth,Massachusetts,95249,80.067690,-27.9587955
David Owens,56,40315 Cross Loop Apt. 948,Allisonmouth,Louisiana,36526,18.852277,-15.442335
Michael Patterson,82,8639 Emily Shores Apt. 175,Dixonmouth,New Hampshire,09450,-68.492752,-77.2059875
Elizabeth Anderson,40,15800 Poole Lodge Apt. 545,Hurstfort,Georgia,81158,-153.655312,-58.544694
Tammy Jones,46,018 Kidd Common,East Lisa,Ohio,09006,-170.573015,55.3872675
Sara Lucas,90,40012 Blankenship Inlet,Martinezmouth,Maine,61146,67.570243,4.7694245
Janet Wilcox,33,39352 Perez Burg Apt. 001,Bradfordchester,Louisiana,00819,161.747246,1.2721075
Thomas Gibson,65,6021 Smith Estate Apt. 184,Jamesborough,North Dakota,40602,-33.405899,5.071478
Gregory Haley,68,4186 Spencer Inlet Suite 564,Janetside,Hawaii,98090,-157.471558,51.443210
Cynthia Hernandez,25,431 Ryan Pine Apt. 063,Michaelmouth,Pennsylvania,84469,-173.280105,-70.818127
Cassandra Campbell,65,705 Santos Row Apt. 956,Lake Heatherburgh,California,95765,103.329414,-53.076378
Clayton Cuevas,90,447 Thompson Canyon,Port Nicholasfurt,Nebraska,11565,178.768057,-34.338220
Eric Miller,74,763 Robert Station,New Bryanshire,Arkansas,55810,53.297270,66.988912
Jeremy Buck,45,2350 Estrada Club Suite 458,East Michaelchester,Louisiana,39437,-56.232567,-88.876372
John French,35,80235 Bishop Lakes Apt. 897,Thomaston,Connecticut,67140,47.714146,71.588237
Robert Gomez,50,50183 Amy Expressway,Lake Jeffrey,Washington,07412,-9.150028,-71.544330
Angela Reeves,44,42095 Ryan Gateway Suite 795,South Meganberg,Alaska,84108,10.857220,-89.8680745
Tracy Higgins,82,39651 Graves Villages,Littleberg,Massachusetts,02226,124.848158,40.071910
Tiffany Campbell,51,0928 May Summit Suite 705,Port Kevinborough,Nevada,71550,95.676052,-8.8023195
Susan Harrell,48,021 Gomez Manors,Jesseville,New Hampshire,95797,-139.876046,-24.497759
James Duran,45,344 Amber Port Apt. 568,Port Rebecca,Oregon,41554,-93.532791,82.006508
Scott Brooks,72,5001 Edward Divide Apt. 771,Collinshaven,Washington,45557,-118.392047,68.988968
Carolyn Cunningham PhD,74,183 Ford Gardens,East Matthew,North Dakota,45411,-5.962741,-87.4921785
Lisa Jones,44,42070 Thompson Shores Suite 026,Port Ethanshire,Oklahoma,54359,-35.621186,-14.9404615
Jeff Young,75,688 Martin Parks,Harriston,Minnesota,74694,30.694545,-14.028801
Mrs. Jessica Holt,82,0938 Heather Unions Suite 814,Cherylshire,South Dakota,24979,-7.839733,-5.6406225
Courtney Morrow,74,7526 Heather Freeway Suite 790,New Amyville,Missouri,37646,-174.212682,33.091657
Gabrielle Berger,80,0009 Berry Centers,East Davidview,West Virginia,89092,-40.062763,56.092594
John Jones,33,782 Adam Path Apt. 996,Ortizstad,Washington,57134,-20.896910,-60.3723515
Robin Mathis,39,7077 Brown Fords,Lake Danieltown,Missouri,26763,-45.810265,-19.1874675
Michael Ruiz,54,5202 Bryan Crossroad,Lake Ericborough,Georgia,82176,-23.492718,-66.2626935
Johnathan Berg,52,68679 Alan Rapids,Sarahtown,Massachusetts,91927,-130.275196,63.7179595
Dustin Kirby,41,919 Shepard Trafficway Suite 607,Melissahaven,Ohio,43143,-54.590457,21.448574
Richard Franco,37,743 Walker Mission Apt. 579,West Brettmouth,Pennsylvania,46611,107.225799,-79.626736
Manuel Sanders,33,44914 Chung Road Suite 044,West Jeffreyburgh,Washington,01377,-108.412478,-59.7075545
Dominique Cruz,39,3112 Solomon Prairie Suite 309,Christinaport,Kentucky,89516,105.660772,62.1908615
Chad Bell,28,27011 Gonzalez Ferry,Williammouth,Nebraska,60449,-156.459307,-51.548868
Bruce Anderson,75,278 Nicole Forks Apt. 367,North George,Missouri,18051,-14.047392,-20.554058
Edwin Watkins,70,8514 Jerry Mills,Lake Stephanieburgh,Wisconsin,16964,-139.567953,37.889791
Lori Dillon,76,470 Edward Springs,Goodhaven,New Hampshire,94023,-136.306543,-77.100039
Frank Garner,90,6877 Arellano Creek,North Debbieburgh,Oklahoma,86850,4.684206,30.891772
Grace Jones,54,6144 Gina Road Suite 699,South Paul,Arkansas,95971,-97.002581,-16.9003655
Robin Flynn,24,309 Melissa Route Suite 951,Justinbury,Tennessee,06467,132.841182,-51.585914
Stacey Wallace,23,9082 Allen Courts,New Meganburgh,Nebraska,41362,-102.564043,31.5466775
Mr. Brian Mclean,77,76391 John Brook,Oconnorstad,West Virginia,17776,-122.301400,82.050733
Jennifer Frost,21,1992 Jones Groves Suite 101,Thompsonville,Oklahoma,78480,2.822451,-37.3755685
Christy Little,20,433 Crystal Views,Rayshire,Alaska,13156,-85.628968,-61.1695135
Katherine Kennedy,71,13938 Deanna Port Suite 451,East Jonathan,Minnesota,44841,132.762197,-1.016220
Glenn Armstrong,20,96812 Brett Trail,Port Dennis,Alaska,95558,126.363641,49.4245645
Daniel Becker,28,65451 Montgomery Shoals,South Melvinside,Wisconsin,11369,-100.000652,-45.970334
Travis Hamilton,31,6739 Michelle Falls,Melissafort,Hawaii,09247,-63.546011,26.456271
Pamela Frazier,47,16964 Martin Brooks,Normanside,Connecticut,64510,111.901849,-78.2400605
Stephen Rodriguez PhD,18,9127 James Row Suite 998,Rachelton,Kansas,11657,57.291608,-42.194982
Jason Sims,49,39856 Matthew Points Apt. 792,Hardingfort,Montana,91670,50.160565,-14.6231775
Jacob Farley,50,8108 Kristen Lane,East Andrea,Washington,10534,-126.858125,4.441718
Lindsay Williams,30,384 Osborne Light Suite 706,North Cristinaborough,Connecticut,12788,96.296180,67.8995665
Danielle Patterson,33,859 Jennifer Mission,Alexisburgh,Ohio,05412,-72.840621,63.881788
Angel Fischer,74,838 Davis River Apt. 902,Fosterfort,Minnesota,98810,7.255183,10.514004
Rachael Carter,71,5167 Garza Locks Suite 292,Port Teresashire,Rhode Island,11353,48.328924,-53.0316615
Gary Smith,68,17419 Henry Mountain Apt. 438,Wandaport,Massachusetts,79275,-166.913341,2.983284
Courtney White,39,5578 Cisneros Via,Lake Jasmin,Connecticut,85452,-100.684790,68.4968085
Tanya Garcia,23,83775 Scott Pike,South Cameronstad,South Dakota,53846,-85.983130,60.879462
Russell Oliver,36,4184 Cruz Course Apt. 351,New Carlytown,Michigan,53972,155.580123,42.035545
Stephanie Harris,32,55897 Smith Ridges,Henryfurt,West Virginia,94017,-23.202707,56.102853
Whitney Smith,32,8255 Porter Alley Suite 464,New Karenview,Virginia,61125,108.970742,-43.642458
Jermaine Nelson,73,405 Sherman Alley Apt. 507,Zacharyshire,Maryland,69047,-53.198972,-84.458071
Kevin Holmes,46,574 John Isle,North Alexandertown,Alabama,46257,-61.252937,-87.381694
Theodore Everett,53,5784 Richard Drive Suite 341,Mendezfurt,Washington,44694,-144.852662,-38.180275
Jennifer Baldwin,41,54784 Philip Park,New Samanthaburgh,New Hampshire,51146,-67.877895,20.3822255
Faith Gonzalez,26,52643 Simmons Vista Suite 592,Pageborough,West Virginia,62076,110.474109,-0.601135
Ethan Franklin,38,31306 Jeffrey Cape Apt. 802,Lozanoberg,Texas,31210,-133.069149,62.5395255
Brandon Miller,52,37234 Patton Ways Suite 915,Edwardsborough,Vermont,26164,-60.644885,-73.944265
Michael Castillo,32,30042 House Spurs Suite 130,New Jenniferport,Hawaii,87584,-48.799963,14.3749005
Jessica Erickson,54,69434 King Lodge,West Cassandraburgh,Maine,75281,-0.513142,-81.666361
Monique Walton,41,9122 Keith Pike Suite 531,South Allen,Wyoming,29465,120.852430,-62.419521
Jessica Goodwin MD,30,447 William Orchard Apt. 120,Shannonborough,Delaware,33245,-117.220998,16.2436445
Mr. Steven White,79,21895 Parks Glen Suite 591,New Michelle,New Hampshire,27014,119.720608,-11.6332955
Heather Duffy,59,14002 Boyle Summit Apt. 375,Kellytown,Tennessee,16197,-23.861655,-65.6340375
Harry Contreras,52,935 Clark Square,New Amberberg,Vermont,53506,-41.799803,-6.9827495
Kelly Galvan MD,74,21608 Rodriguez Shoal Suite 566,New Miguelfort,Alaska,16277,-125.158814,65.8138105
Charles Wright,61,850 Mary Via,Matthewport,Virginia,60205,-20.742226,-63.126095
Isaac Stevenson,34,5715 Sharon Plaza Apt. 204,Adamsmouth,Michigan,49486,-62.188332,77.8853525
Christopher Pittman PhD,61,4259 Nancy Ferry,New Luis,Missouri,13365,-97.470559,64.4889415
William Hawkins MD,57,361 Jones Ford Suite 122,West Diana,Oklahoma,55632,-126.770461,29.6142765
Nathan Livingston,61,154 Nichols Spurs,West Carlos,South Carolina,60834,-74.676852,21.3019215
Christopher Johnson,67,238 Cheryl Ranch,Ellenbury,Missouri,29137,149.173695,26.559346
Erin Vaughn,77,9000 Edwards Track,New Darinview,Hawaii,54297,-64.709387,36.178086
Edwin Woods,82,582 Myers Inlet,Krauseside,North Dakota,11545,66.553135,9.570025
Juan Jones,76,1196 Kevin Prairie,Thompsonland,Alabama,75091,65.454508,-30.741809
Gloria Miller,22,2522 Dean Vista,West James,Minnesota,65861,95.169238,77.768597
Tina Hicks,78,027 Alan Mountains Apt. 519,New Scottland,Rhode Island,54245,90.076669,32.250715
Jonathan Thompson,79,930 Wallace Ferry Apt. 874,New Heather,Georgia,61537,114.859384,-48.022650
Douglas Hernandez,23,90969 Richards Meadow Apt. 438,Jonathantown,Vermont,67623,-39.086417,44.440848
Mark Bowen,70,77254 Brown Village Apt. 042,Lake Brent,Kentucky,91798,62.512689,-64.470458
Chad Brooks,89,42746 Carol Forks Apt. 815,North Jason,West Virginia,97969,79.989577,-30.4822405
Robert Martinez,85,187 Vega Court,Port Melissaberg,South Carolina,17117,57.671189,86.619343
Christopher Hahn,83,17659 Ashley Cove,Kevinfurt,Utah,66966,80.155465,-56.466711
Katrina Garcia,23,53823 Amy Brook Suite 821,Brianafort,California,67899,-114.221148,78.2333175
Jessica Wright,70,134 Martin Valley,Port Amanda,South Carolina,82898,72.753417,-74.6089725
Katherine Roberts,46,50896 Hill Ports,Kristinmouth,Rhode Island,19826,111.193357,27.721297
Alexandra Rocha,61,27843 Ramirez Lodge,Aaronland,Vermont,94137,47.363850,50.2948855
Daniel Merritt,50,37114 Daniel Flats,North Jackie,Arizona,26752,73.400385,65.3843115
Dustin Brown,81,24603 Lori Mission Suite 980,Darrellside,Michigan,63279,54.013044,0.356968
James Macdonald,77,540 Steven Causeway,Gregorychester,Delaware,46094,-72.915966,-43.9421335
Mrs. Julie Hughes MD,33,24839 Susan Springs Suite 537,Reeseland,Pennsylvania,05832,-32.151411,73.023617
Laura Jones,36,1542 Megan Ways Apt. 955,Leahhaven,New Mexico,68987,43.165913,22.6089785
Wesley Mccoy,75,9779 Valdez Brooks Suite 696,Port Mario,Rhode Island,62720,-45.758733,19.7729875
Carla Choi,87,196 Bailey Land,Beckerland,Ohio,73342,-143.152056,-13.832846
Lauren Manning,33,8607 Shannon Mill Suite 667,North Patriciafort,Indiana,75673,104.852448,-50.361334
Chelsey Peters,25,04510 Andrews Isle,East Barbara,Washington,78679,19.619144,-7.955321
Joshua Smith,38,581 Norris Extensions,New Alexismouth,California,96151,-72.096443,66.8261765
Spencer Kane,30,32438 Lauren Burgs Apt. 898,West Michael,Oregon,48257,157.489927,-75.477591
Jade Thompson,28,748 Kelley Stravenue,Bishopshire,Louisiana,53567,45.135516,-59.068381
Nathan Torres,67,425 James Park Suite 511,Martinezmouth,Alabama,08887,-101.092536,-88.9401565
Jason Brandt,69,4314 Evans Island Suite 928,South Dana,Texas,41503,-123.604299,-8.592684
Shane Smith,56,459 Franklin Ville,Markside,New Hampshire,79723,-126.325397,89.663920
Wesley Smith,39,3130 Turner Canyon,West Sheilaview,Missouri,73688,87.618291,66.8689015
David Perry,56,204 Lee Hollow Suite 074,Port Jessicachester,Michigan,54590,-56.449819,55.0228985
Michael Palmer,86,18417 Lutz Junctions Apt. 503,North Deborah,Wyoming,94302,-127.863136,-25.8540205
